Timestamp,Emotion,Confidence
2025-08-20 17:51:36,Neutral,0.40
2025-08-20 17:51:36,Neutral,0.43
2025-08-20 17:51:36,Surprise,0.34
2025-08-20 17:51:37,Neutral,0.47
2025-08-20 17:51:37,Neutral,0.37
2025-08-20 17:51:37,Neutral,0.48
2025-08-20 17:51:38,Sad,0.44
2025-08-20 17:51:38,Sad,0.43
2025-08-20 17:51:38,Neutral,0.35
2025-08-20 17:51:39,Surprise,0.34
2025-08-20 17:51:39,Happy,0.37
2025-08-20 17:51:39,Neutral,0.42
2025-08-20 17:51:39,Neutral,0.39
2025-08-20 17:51:40,Neutral,0.35
2025-08-20 17:51:40,Neutral,0.47
2025-08-20 17:51:40,Neutral,0.49
2025-08-20 17:51:41,Neutral,0.57
2025-08-20 17:51:41,Sad,0.32
2025-08-20 17:51:41,Neutral,0.35
2025-08-20 17:51:42,Sad,0.50
2025-08-20 17:51:42,Neutral,0.40
2025-08-20 17:51:43,Neutral,0.39
2025-08-20 17:51:43,Sad,0.39
2025-08-20 17:51:43,Surprise,0.34
2025-08-20 17:51:43,Sad,0.44
2025-08-20 17:51:44,Sad,0.44
2025-08-20 17:51:44,Neutral,0.33
2025-08-20 17:51:44,Sad,0.40
2025-08-20 17:51:45,Neutral,0.40
2025-08-20 17:51:45,Sad,0.32
2025-08-20 17:51:45,Sad,0.42
2025-08-20 17:51:46,Neutral,0.44
2025-08-20 17:51:46,Neutral,0.47
2025-08-20 17:51:46,Sad,0.35
2025-08-20 17:51:47,Neutral,0.51
2025-08-20 17:51:47,Sad,0.50
2025-08-20 17:51:47,Sad,0.49
2025-08-20 17:51:48,Neutral,0.41
2025-08-20 17:51:48,Sad,0.37
2025-08-20 17:51:49,Sad,0.31
2025-08-20 17:51:49,Sad,0.40
2025-08-20 17:51:49,Sad,0.36
2025-08-20 17:51:50,Neutral,0.47
2025-08-20 17:51:50,Sad,0.48
2025-08-20 17:51:50,Sad,0.54
2025-08-20 17:51:51,Sad,0.43
2025-08-20 17:51:51,Sad,0.47
2025-08-20 17:51:51,Sad,0.45
2025-08-20 17:51:52,Neutral,0.49
2025-08-20 17:51:52,Neutral,0.44
2025-08-20 17:51:52,Neutral,0.44
2025-08-20 17:51:53,Neutral,0.41
2025-08-20 17:51:53,Sad,0.43
2025-08-20 17:51:53,Sad,0.56
2025-08-20 17:51:53,Surprise,0.32
2025-08-20 17:51:54,Sad,0.46
2025-08-20 17:51:54,Sad,0.47
2025-08-20 17:51:55,Neutral,0.56
2025-08-20 17:51:55,Neutral,0.65
2025-08-20 17:51:55,Neutral,0.61
2025-08-20 17:51:56,Neutral,0.68
2025-08-20 17:51:56,Neutral,0.83
2025-08-20 17:51:56,Neutral,0.70
2025-08-20 17:51:57,Neutral,0.69
2025-08-20 17:51:57,Neutral,0.72
2025-08-20 17:51:58,Neutral,0.71
2025-08-20 17:51:58,Neutral,0.58
2025-08-20 17:51:58,Fear,0.26
2025-08-20 17:51:58,Neutral,0.72
2025-08-20 17:51:59,Neutral,0.67
2025-08-20 17:51:59,Neutral,0.47
2025-08-20 17:52:00,Neutral,0.74
2025-08-20 17:52:00,Neutral,0.70
2025-08-20 17:52:00,Neutral,0.75
2025-08-20 17:52:01,Neutral,0.71
2025-08-20 17:52:01,Neutral,0.77
2025-08-20 17:52:02,Neutral,0.64
2025-08-20 17:52:02,Neutral,0.48
2025-08-20 17:52:02,Neutral,0.54
2025-08-20 17:52:03,Neutral,0.50
2025-08-20 17:52:03,Neutral,0.47
2025-08-20 17:52:04,Neutral,0.40
2025-08-20 17:52:04,Neutral,0.40
2025-08-20 17:52:04,Neutral,0.41
2025-08-20 17:52:05,Sad,0.31
2025-08-20 17:52:05,Surprise,0.35
2025-08-20 17:52:05,Neutral,0.42
2025-08-20 17:52:05,Surprise,0.35
2025-08-20 17:52:05,Sad,0.37
2025-08-20 17:52:05,Fear,0.27
2025-08-20 17:52:06,Neutral,0.50
2025-08-20 17:52:06,Neutral,0.50
2025-08-20 17:52:06,Fear,0.35
2025-08-20 17:52:07,Neutral,0.70
2025-08-20 17:52:07,Neutral,0.58
2025-08-20 17:52:07,Sad,0.46
2025-08-20 17:52:08,Neutral,0.41
2025-08-20 17:52:08,Neutral,0.49
2025-08-20 17:52:08,Sad,0.40
2025-08-20 17:52:09,Sad,0.36
2025-08-20 17:52:09,Surprise,0.29
2025-08-20 17:52:09,Sad,0.42
2025-08-20 17:52:09,Sad,0.47
2025-08-20 17:52:09,Sad,0.68
2025-08-20 17:52:10,Sad,0.38
2025-08-20 17:52:10,Happy,0.53
2025-08-20 17:52:10,Sad,0.37
2025-08-20 17:52:10,Sad,0.49
2025-08-20 17:52:11,Sad,0.36
2025-08-20 17:52:11,Neutral,0.26
2025-08-20 17:52:11,Neutral,0.37
2025-08-20 17:52:11,Surprise,0.29
2025-08-20 17:52:12,Neutral,0.47
2025-08-20 17:52:12,Neutral,0.37
2025-08-20 17:52:12,Neutral,0.41
2025-08-20 17:52:12,Surprise,0.30
2025-08-20 17:52:13,Sad,0.40
2025-08-20 17:52:13,Neutral,0.42
2025-08-20 17:52:13,Sad,0.36
2025-08-20 17:52:14,Sad,0.42
2025-08-20 17:52:14,Neutral,0.41
2025-08-20 17:52:14,Neutral,0.44
2025-08-20 17:52:15,Sad,0.51
2025-08-20 17:52:15,Sad,0.49
2025-08-20 17:52:15,Neutral,0.44
2025-08-20 17:52:16,Neutral,0.61
2025-08-20 17:52:16,Sad,0.41
2025-08-20 17:52:16,Neutral,0.44
2025-08-20 17:52:17,Neutral,0.41
2025-08-20 17:52:17,Neutral,0.39
2025-08-20 17:52:17,Neutral,0.32
2025-08-20 17:52:18,Sad,0.39
2025-08-20 17:52:18,Neutral,0.41
2025-08-20 17:52:18,Neutral,0.42
2025-08-20 17:52:19,Neutral,0.58
2025-08-20 17:52:19,Neutral,0.47
2025-08-20 17:52:19,Neutral,0.34
2025-08-20 17:52:20,Neutral,0.40
2025-08-20 17:52:20,Neutral,0.44
2025-08-20 17:52:20,Neutral,0.51
2025-08-20 17:52:21,Neutral,0.34
2025-08-20 17:52:21,Surprise,0.32
2025-08-20 17:52:21,Sad,0.35
2025-08-20 17:52:21,Neutral,0.53
2025-08-20 17:52:22,Neutral,0.46
2025-08-20 17:52:22,Sad,0.36
2025-08-20 17:52:22,Neutral,0.47
2025-08-20 17:52:23,Neutral,0.30
2025-08-20 17:52:23,Surprise,0.34
2025-08-20 17:52:23,Neutral,0.39
2025-08-20 17:52:23,Surprise,0.30
2025-08-20 17:52:23,Neutral,0.38
2025-08-20 17:52:24,Neutral,0.41
2025-08-20 17:52:24,Surprise,0.31
2025-08-20 17:52:24,Neutral,0.29
2025-08-20 17:52:24,Neutral,0.30
2025-08-20 17:52:24,Neutral,0.28
2025-08-20 17:52:25,Sad,0.30
2025-08-20 17:52:25,Neutral,0.31
2025-08-20 17:52:25,Neutral,0.42
2025-08-20 17:52:25,Fear,0.30
2025-08-20 17:52:26,Sad,0.29
2025-08-20 17:52:26,Sad,0.35
2025-08-20 17:52:26,Surprise,0.30
2025-08-20 17:52:26,Fear,0.29
2025-08-20 17:52:27,Neutral,0.35
2025-08-20 17:52:27,Surprise,0.36
2025-08-20 17:52:27,Sad,0.35
2025-08-20 17:52:27,Surprise,0.34
2025-08-20 17:52:27,Sad,0.31
2025-08-20 17:52:27,Fear,0.31
2025-08-20 17:52:28,Sad,0.38
2025-08-20 17:52:28,Sad,0.42
2025-08-20 17:52:28,Surprise,0.31
2025-08-20 17:52:28,Sad,0.43
2025-08-20 17:52:29,Sad,0.36
2025-08-20 17:52:29,Surprise,0.33
2025-08-20 17:52:29,Sad,0.44
2025-08-20 17:52:30,Surprise,0.34
2025-08-20 17:52:30,Sad,0.32
2025-08-20 17:52:30,Sad,0.41
2025-08-20 17:52:30,Surprise,0.31
2025-08-20 17:52:30,Sad,0.28
2025-08-20 17:52:31,Sad,0.40
2025-08-20 17:52:31,Surprise,0.32
2025-08-20 17:52:31,Sad,0.38
2025-08-20 17:52:31,Neutral,0.32
2025-08-20 17:52:31,Sad,0.32
2025-08-20 17:52:32,Surprise,0.31
2025-08-20 17:52:32,Sad,0.33
2025-08-20 17:52:32,Surprise,0.33
2025-08-20 17:52:32,Sad,0.36
2025-08-20 17:52:33,Sad,0.25
2025-08-20 17:52:33,Surprise,0.34
2025-08-20 17:52:33,Sad,0.42
2025-08-20 17:52:33,Surprise,0.34
2025-08-20 17:52:33,Neutral,0.34
2025-08-20 17:52:34,Surprise,0.33
2025-08-20 17:52:34,Sad,0.35
2025-08-20 17:52:34,Surprise,0.35
2025-08-20 17:52:34,Sad,0.49
2025-08-20 17:52:35,Sad,0.38
2025-08-20 17:52:35,Sad,0.43
2025-08-20 17:52:35,Sad,0.48
2025-08-20 17:52:36,Sad,0.42
2025-08-20 17:52:36,Sad,0.42
2025-08-20 17:52:36,Sad,0.42
2025-08-20 17:52:37,Sad,0.39
2025-08-20 17:52:37,Sad,0.39
2025-08-20 17:52:37,Surprise,0.36
2025-08-20 17:52:38,Sad,0.39
2025-08-20 17:52:38,Surprise,0.37
2025-08-20 17:52:38,Sad,0.40
2025-08-20 17:52:38,Surprise,0.36
2025-08-20 17:52:38,Sad,0.45
2025-08-20 17:52:39,Sad,0.39
2025-08-20 17:52:39,Surprise,0.35
2025-08-20 17:52:39,Sad,0.47
2025-08-20 17:52:39,Sad,0.56
2025-08-20 17:52:40,Surprise,0.33
2025-08-20 17:52:40,Sad,0.36
2025-08-20 17:52:40,Sad,0.32
2025-08-20 17:52:41,Neutral,0.51
2025-08-20 17:52:41,Surprise,0.31
2025-08-20 17:52:41,Neutral,0.63
2025-08-20 17:52:41,Neutral,0.50
2025-08-20 17:52:42,Surprise,0.31
2025-08-20 17:52:42,Neutral,0.47
2025-08-20 17:52:42,Surprise,0.35
2025-08-20 17:52:42,Neutral,0.48
2025-08-20 17:52:42,Neutral,0.38
2025-08-20 17:52:42,Surprise,0.33
2025-08-20 17:52:43,Fear,0.37
2025-08-20 17:52:43,Neutral,0.49
2025-08-20 17:52:43,Surprise,0.31
2025-08-20 17:52:43,Neutral,0.59
2025-08-20 17:52:44,Fear,0.36
2025-08-20 17:52:44,Neutral,0.69
2025-08-20 17:52:44,Happy,0.47
2025-08-20 17:52:44,Fear,0.32
2025-08-20 17:52:44,Neutral,0.57
2025-08-20 17:52:45,Fear,0.37
2025-08-20 17:52:45,Neutral,0.71
2025-08-20 17:52:45,Fear,0.35
2025-08-20 17:52:45,Neutral,0.82
2025-08-20 17:52:45,Fear,0.36
2025-08-20 17:52:45,Neutral,0.72
2025-08-20 17:52:46,Fear,0.35
2025-08-20 17:52:46,Neutral,0.73
2025-08-20 17:52:46,Surprise,0.32
2025-08-20 17:52:46,Neutral,0.72
2025-08-20 17:52:47,Neutral,0.73
2025-08-20 17:52:47,Neutral,0.92
2025-08-20 17:52:47,Neutral,0.27
2025-08-20 17:52:47,Neutral,0.91
2025-08-20 17:52:48,Neutral,0.72
2025-08-20 17:52:48,Neutral,0.56
2025-08-20 17:52:49,Neutral,0.71
2025-08-20 17:52:49,Neutral,0.77
2025-08-20 17:52:49,Neutral,0.74
2025-08-20 17:52:50,Neutral,0.84
2025-08-20 17:52:50,Neutral,0.80
2025-08-20 17:52:50,Neutral,0.78
2025-08-20 17:52:51,Neutral,0.62
2025-08-20 17:52:51,Neutral,0.75
2025-08-20 17:52:51,Neutral,0.63
2025-08-20 17:52:52,Neutral,0.73
2025-08-20 17:52:52,Neutral,0.70
2025-08-20 17:52:53,Neutral,0.69
2025-08-20 17:52:53,Neutral,0.67
2025-08-20 17:52:53,Neutral,0.67
2025-08-20 17:52:54,Neutral,0.75
2025-08-20 17:52:54,Neutral,0.58
2025-08-20 17:52:54,Neutral,0.63
2025-08-20 17:52:55,Neutral,0.60
2025-08-20 17:52:55,Neutral,0.49
2025-08-20 17:52:55,Neutral,0.63
2025-08-20 17:52:56,Neutral,0.60
2025-08-20 17:52:56,Neutral,0.61
2025-08-20 17:52:56,Neutral,0.60
2025-08-20 17:52:57,Neutral,0.65
2025-08-20 17:52:57,Neutral,0.65
2025-08-20 17:52:57,Neutral,0.62
2025-08-20 17:52:58,Neutral,0.69
2025-08-20 17:52:58,Neutral,0.66
2025-08-20 17:52:58,Neutral,0.68
2025-08-20 17:52:59,Neutral,0.62
2025-08-20 17:52:59,Neutral,0.59
2025-08-20 17:52:59,Neutral,0.54
2025-08-20 17:53:00,Neutral,0.68
2025-08-20 17:53:00,Neutral,0.44
2025-08-20 17:53:00,Surprise,0.34
2025-08-20 17:53:01,Neutral,0.57
2025-08-20 17:53:01,Happy,0.55
2025-08-20 17:53:01,Happy,0.62
2025-08-20 17:53:02,Happy,0.76
2025-08-20 17:53:02,Happy,0.49
2025-08-20 17:53:02,Neutral,0.60
2025-08-20 17:53:03,Neutral,0.73
2025-08-20 17:53:03,Neutral,0.76
2025-08-20 17:53:03,Neutral,0.81
2025-08-20 17:53:04,Neutral,0.71
2025-08-20 17:53:04,Neutral,0.61
2025-08-20 17:53:04,Neutral,0.71
2025-08-20 17:53:05,Neutral,0.76
2025-08-20 17:53:05,Neutral,0.75
2025-08-20 17:53:05,Neutral,0.86
2025-08-20 17:53:06,Neutral,0.75
2025-08-20 17:53:06,Neutral,0.81
2025-08-20 17:53:06,Neutral,0.80
2025-08-20 17:53:07,Neutral,0.83
2025-08-20 17:53:07,Neutral,0.82
2025-08-20 17:53:07,Neutral,0.77
2025-08-20 17:53:08,Neutral,0.81
2025-08-20 17:53:08,Neutral,0.81
2025-08-20 17:53:09,Neutral,0.76
2025-08-20 17:53:09,Neutral,0.71
2025-08-20 17:53:09,Neutral,0.63
2025-08-20 17:53:10,Neutral,0.72
2025-08-20 17:53:10,Neutral,0.78
2025-08-20 17:53:10,Neutral,0.81
2025-08-20 17:53:11,Neutral,0.68
2025-08-20 17:53:11,Neutral,0.70
2025-08-20 17:53:11,Neutral,0.73
2025-08-20 17:53:12,Neutral,0.69
2025-08-20 17:53:12,Neutral,0.71
2025-08-20 17:53:13,Neutral,0.78
2025-08-20 17:53:13,Neutral,0.70
2025-08-20 17:53:13,Neutral,0.64
2025-08-20 17:53:14,Neutral,0.73
2025-08-20 17:53:14,Neutral,0.75
2025-08-20 17:53:14,Neutral,0.73
2025-08-20 17:53:15,Neutral,0.66
2025-08-20 17:53:15,Neutral,0.56
2025-08-20 17:53:15,Neutral,0.50
2025-08-20 17:53:16,Neutral,0.59
2025-08-20 17:53:16,Neutral,0.50
2025-08-20 17:53:17,Neutral,0.51
2025-08-20 17:53:18,Neutral,0.51
2025-08-20 17:53:19,Neutral,0.54
2025-08-20 17:53:19,Neutral,0.66
2025-08-20 17:53:20,Neutral,0.36
2025-08-20 17:53:20,Neutral,0.57
2025-08-20 17:53:20,Neutral,0.68
2025-08-20 17:53:21,Neutral,0.58
2025-08-20 17:53:21,Neutral,0.48
2025-08-20 17:53:21,Neutral,0.33
2025-08-20 17:53:21,Happy,0.46
2025-08-20 17:53:22,Neutral,0.58
2025-08-20 17:53:22,Neutral,0.51
2025-08-20 17:53:23,Neutral,0.55
2025-08-20 17:53:23,Happy,0.60
2025-08-20 17:53:23,Happy,0.46
2025-08-20 17:53:24,Neutral,0.50
2025-08-20 17:53:24,Neutral,0.59
2025-08-20 17:53:24,Neutral,0.31
2025-08-20 17:53:24,Neutral,0.70
2025-08-20 17:53:25,Neutral,0.47
2025-08-20 17:53:25,Neutral,0.65
2025-08-20 17:53:25,Neutral,0.57
2025-08-20 17:53:26,Neutral,0.59
2025-08-20 17:53:26,Neutral,0.59
2025-08-20 17:53:27,Neutral,0.55
2025-08-20 17:53:27,Neutral,0.71
2025-08-20 17:53:27,Neutral,0.77
2025-08-20 17:53:28,Neutral,0.61
2025-08-20 17:53:28,Neutral,0.76
2025-08-20 17:53:28,Neutral,0.59
2025-08-20 17:53:29,Neutral,0.44
2025-08-20 17:53:29,Neutral,0.60
2025-08-20 17:53:29,Neutral,0.55
2025-08-20 17:53:29,Neutral,0.39
2025-08-20 17:53:30,Neutral,0.64
2025-08-20 17:53:30,Neutral,0.65
2025-08-20 17:53:30,Neutral,0.78
2025-08-20 17:53:30,Neutral,0.65
2025-08-20 17:53:31,Neutral,0.53
2025-08-20 17:53:31,Neutral,0.54
2025-08-20 17:53:32,Neutral,0.62
2025-08-20 17:53:32,Neutral,0.66
2025-08-20 17:53:32,Neutral,0.61
2025-08-20 17:53:33,Happy,0.55
2025-08-20 17:53:33,Happy,0.67
2025-08-20 17:53:33,Happy,0.97
2025-08-20 17:53:34,Happy,0.90
2025-08-20 17:53:34,Happy,0.97
2025-08-20 17:53:34,Happy,0.99
2025-08-20 17:53:35,Happy,0.99
2025-08-20 17:53:35,Happy,0.97
2025-08-20 17:53:36,Happy,0.85
2025-08-20 17:53:36,Happy,0.88
2025-08-20 17:53:36,Happy,0.93
2025-08-20 17:53:37,Happy,0.92
2025-08-20 17:53:37,Happy,0.92
2025-08-20 17:53:37,Happy,0.98
2025-08-20 17:53:38,Happy,0.98
2025-08-20 17:53:38,Happy,0.97
2025-08-20 17:53:38,Happy,0.95
2025-08-20 17:53:39,Happy,0.99
2025-08-20 17:53:39,Happy,0.99
2025-08-20 17:53:40,Happy,0.95
2025-08-20 17:53:40,Happy,0.99
2025-08-20 17:53:40,Happy,1.00
2025-08-20 17:53:41,Happy,0.98
2025-08-20 17:53:41,Happy,1.00
2025-08-20 17:53:41,Happy,0.99
2025-08-20 17:53:42,Happy,0.99
2025-08-20 17:53:42,Happy,0.99
2025-08-20 17:53:42,Happy,0.98
2025-08-20 17:53:42,Neutral,0.32
2025-08-20 17:53:43,Happy,0.99
2025-08-20 17:53:43,Happy,0.99
2025-08-20 17:53:43,Happy,1.00
2025-08-20 17:53:44,Happy,1.00
2025-08-20 17:53:44,Happy,0.99
2025-08-20 17:53:45,Happy,1.00
2025-08-20 17:53:45,Happy,0.99
2025-08-20 17:53:45,Happy,0.99
2025-08-20 17:53:46,Happy,0.99
2025-08-20 17:53:46,Happy,0.99
2025-08-20 17:53:46,Happy,0.99
2025-08-20 17:53:47,Happy,0.98
2025-08-20 17:53:47,Happy,1.00
2025-08-20 17:53:47,Happy,0.97
2025-08-20 17:53:48,Happy,0.99
2025-08-20 17:53:48,Happy,1.00
2025-08-20 17:53:48,Happy,1.00
2025-08-20 17:53:49,Happy,0.92
2025-08-20 17:53:49,Neutral,0.54
2025-08-20 17:53:49,Neutral,0.76
2025-08-20 17:53:50,Neutral,0.74
2025-08-20 17:53:50,Neutral,0.76
2025-08-20 17:53:50,Neutral,0.84
2025-08-20 17:53:51,Neutral,0.84
2025-08-20 17:53:51,Neutral,0.78
2025-08-20 17:53:52,Neutral,0.80
2025-08-20 17:53:52,Neutral,0.72
2025-08-20 17:53:52,Neutral,0.76
2025-08-20 17:53:53,Neutral,0.76
2025-08-20 17:53:53,Neutral,0.61
2025-08-20 17:53:53,Neutral,0.62
2025-08-20 17:53:54,Neutral,0.65
2025-08-20 17:53:54,Neutral,0.73
2025-08-20 17:53:54,Neutral,0.74
2025-08-20 17:53:55,Neutral,0.54
2025-08-20 17:53:55,Neutral,0.57
2025-08-20 17:53:55,Neutral,0.58
2025-08-20 17:53:55,Sad,0.48
2025-08-20 17:53:56,Sad,0.36
2025-08-20 17:53:56,Neutral,0.40
2025-08-20 17:53:56,Happy,0.35
2025-08-20 17:53:56,Neutral,0.50
2025-08-20 17:53:57,Sad,0.58
2025-08-20 17:53:57,Neutral,0.39
2025-08-20 17:53:57,Happy,0.50
2025-08-20 17:53:57,Sad,0.54
2025-08-20 17:53:57,Neutral,0.28
2025-08-20 17:53:58,Neutral,0.38
2025-08-20 17:53:58,Sad,0.34
2025-08-20 17:53:58,Sad,0.38
2025-08-20 17:53:59,Sad,0.41
2025-08-20 17:53:59,Sad,0.41
2025-08-20 17:53:59,Sad,0.40
2025-08-20 17:54:00,Sad,0.36
2025-08-20 17:54:00,Sad,0.57
2025-08-20 17:54:00,Sad,0.44
2025-08-20 17:54:00,Sad,0.40
2025-08-20 17:54:01,Sad,0.54
2025-08-20 17:54:01,Neutral,0.37
2025-08-20 17:54:01,Neutral,0.52
2025-08-20 17:54:02,Neutral,0.48
2025-08-20 17:54:02,Neutral,0.56
2025-08-20 17:54:02,Happy,0.42
2025-08-20 17:54:03,Happy,0.66
2025-08-20 17:54:03,Happy,0.55
2025-08-20 17:54:03,Happy,0.50
2025-08-20 17:54:04,Happy,0.71
2025-08-20 17:54:04,Happy,0.56
2025-08-20 17:54:04,Neutral,0.45
2025-08-20 17:54:05,Happy,0.51
2025-08-20 17:54:05,Neutral,0.49
2025-08-20 17:54:05,Neutral,0.48
2025-08-20 17:54:06,Happy,0.45
2025-08-20 17:54:06,Happy,0.56
2025-08-20 17:54:06,Happy,0.85
2025-08-20 17:54:07,Happy,0.76
2025-08-20 17:54:07,Happy,0.69
2025-08-20 17:54:07,Happy,0.44
2025-08-20 17:54:08,Neutral,0.51
2025-08-20 17:54:08,Neutral,0.40
2025-08-20 17:54:08,Neutral,0.46
2025-08-20 17:54:09,Neutral,0.54
2025-08-20 17:54:09,Neutral,0.58
2025-08-20 17:54:09,Neutral,0.55
2025-08-20 17:54:10,Neutral,0.59
2025-08-20 17:54:10,Happy,0.57
2025-08-20 17:54:10,Happy,0.54
2025-08-20 17:54:11,Happy,0.55
2025-08-20 17:54:11,Happy,0.78
2025-08-20 17:54:11,Happy,0.70
2025-08-20 17:54:12,Neutral,0.48
2025-08-20 17:54:12,Neutral,0.66
2025-08-20 17:54:12,Happy,0.60
2025-08-20 17:54:13,Neutral,0.69
2025-08-20 17:54:13,Neutral,0.58
2025-08-20 17:54:13,Neutral,0.50
2025-08-20 17:54:14,Happy,0.51
2025-08-20 17:54:14,Happy,0.64
2025-08-20 17:54:14,Neutral,0.53
2025-08-20 17:54:15,Neutral,0.40
2025-08-20 17:54:15,Neutral,0.53
2025-08-20 17:54:15,Happy,0.56
2025-08-20 17:54:16,Neutral,0.43
2025-08-20 17:54:16,Happy,0.45
2025-08-20 17:54:16,Happy,0.45
2025-08-20 17:54:17,Happy,0.43
2025-08-20 17:54:17,Happy,0.64
2025-08-20 17:54:17,Happy,0.40
2025-08-20 17:54:18,Happy,0.79
2025-08-20 17:54:18,Happy,0.53
2025-08-20 17:54:18,Fear,0.28
2025-08-20 17:54:19,Happy,0.79
2025-08-20 17:54:19,Happy,0.47
2025-08-20 17:54:19,Happy,0.51
2025-08-20 17:54:20,Neutral,0.48
2025-08-20 17:54:20,Neutral,0.35
2025-08-20 17:54:20,Neutral,0.50
2025-08-20 17:54:20,Happy,0.64
2025-08-20 17:54:21,Neutral,0.40
2025-08-20 17:54:21,Happy,0.59
2025-08-20 17:54:21,Happy,0.41
2025-08-20 17:54:22,Happy,0.52
2025-08-20 17:54:22,Neutral,0.40
2025-08-20 17:54:23,Happy,0.63
2025-08-20 17:54:23,Happy,0.80
2025-08-20 17:54:23,Happy,0.66
2025-08-20 17:54:24,Happy,0.58
2025-08-20 17:54:24,Neutral,0.39
2025-08-20 17:54:24,Happy,0.39
2025-08-20 17:54:25,Happy,0.61
2025-08-20 17:54:25,Neutral,0.39
2025-08-20 17:54:25,Neutral,0.41
2025-08-20 17:54:26,Neutral,0.41
2025-08-20 17:54:26,Happy,0.47
2025-08-20 17:54:26,Happy,0.52
2025-08-20 17:54:27,Happy,0.49
2025-08-20 17:54:27,Neutral,0.54
2025-08-20 17:54:28,Neutral,0.41
2025-08-20 17:54:28,Happy,0.45
2025-08-20 17:54:28,Neutral,0.44
2025-08-20 17:54:29,Neutral,0.49
2025-08-20 17:54:29,Neutral,0.46
2025-08-20 17:54:29,Neutral,0.27
2025-08-20 17:54:30,Happy,0.48
2025-08-20 17:54:30,Neutral,0.38
2025-08-20 17:54:30,Happy,0.46
2025-08-20 17:54:31,Neutral,0.49
2025-08-20 17:54:31,Neutral,0.35
2025-08-20 17:54:31,Neutral,0.51
2025-08-20 17:54:32,Neutral,0.45
2025-08-20 17:54:32,Neutral,0.57
2025-08-20 17:54:32,Surprise,0.35
2025-08-20 17:54:32,Happy,0.48
2025-08-20 17:54:33,Neutral,0.34
2025-08-20 17:54:33,Neutral,0.34
2025-08-20 17:54:34,Neutral,0.40
2025-08-20 17:54:34,Neutral,0.46
2025-08-20 17:54:34,Neutral,0.62
2025-08-20 17:54:35,Happy,0.47
2025-08-20 17:54:35,Neutral,0.52
2025-08-20 17:54:35,Neutral,0.52
2025-08-20 17:54:36,Neutral,0.51
2025-08-20 17:54:36,Neutral,0.50
2025-08-20 17:54:36,Neutral,0.42
2025-08-20 17:54:37,Neutral,0.55
2025-08-20 17:54:37,Fear,0.36
2025-08-20 17:54:37,Neutral,0.50
2025-08-20 17:54:37,Surprise,0.31
2025-08-20 17:54:38,Neutral,0.38
2025-08-20 17:54:38,Neutral,0.45
2025-08-20 17:54:38,Neutral,0.69
2025-08-20 17:54:39,Neutral,0.60
2025-08-20 17:54:39,Neutral,0.54
2025-08-20 17:54:39,Neutral,0.57
2025-08-20 17:54:40,Neutral,0.57
2025-08-20 17:54:40,Neutral,0.68
2025-08-20 17:54:40,Neutral,0.52
2025-08-20 17:54:41,Neutral,0.65
2025-08-20 17:54:41,Neutral,0.78
2025-08-20 17:54:41,Neutral,0.51
2025-08-20 17:54:42,Neutral,0.57
2025-08-20 17:54:42,Neutral,0.60
2025-08-20 17:54:42,Neutral,0.48
2025-08-20 17:54:43,Surprise,0.52
2025-08-20 17:54:43,Neutral,0.48
2025-08-20 17:54:43,Neutral,0.54
2025-08-20 17:54:43,Happy,0.74
2025-08-20 17:54:43,Happy,0.43
2025-08-20 17:54:44,Neutral,0.57
2025-08-20 17:54:44,Angry,0.49
2025-08-20 17:54:44,Neutral,0.59
2025-08-20 17:54:44,Neutral,0.48
2025-08-20 17:54:45,Neutral,0.37
2025-08-20 17:54:45,Neutral,0.54
2025-08-20 17:54:45,Neutral,0.41
2025-08-20 17:54:46,Neutral,0.51
2025-08-20 17:54:46,Neutral,0.59
2025-08-20 17:54:46,Neutral,0.62
2025-08-20 17:54:47,Neutral,0.52
2025-08-20 17:54:47,Neutral,0.58
2025-08-20 17:54:47,Neutral,0.56
2025-08-20 17:54:48,Neutral,0.61
2025-08-20 17:54:48,Neutral,0.60
2025-08-20 17:54:48,Neutral,0.64
2025-08-20 17:54:49,Neutral,0.58
2025-08-20 17:54:49,Neutral,0.55
2025-08-20 17:54:49,Neutral,0.59
2025-08-20 17:54:50,Neutral,0.65
2025-08-20 17:54:50,Neutral,0.59
2025-08-20 17:54:50,Neutral,0.67
2025-08-20 17:54:51,Neutral,0.58
2025-08-20 17:54:51,Neutral,0.64
2025-08-20 17:54:51,Neutral,0.65
2025-08-20 17:54:52,Neutral,0.51
2025-08-20 17:54:52,Neutral,0.44
2025-08-20 17:54:52,Happy,0.49
2025-08-20 17:54:52,Neutral,0.46
2025-08-20 17:54:53,Neutral,0.68
2025-08-20 17:54:53,Neutral,0.63
2025-08-20 17:54:53,Neutral,0.59
2025-08-20 17:54:54,Neutral,0.62
2025-08-20 17:54:54,Neutral,0.64
2025-08-20 17:54:54,Surprise,0.37
2025-08-20 17:54:54,Neutral,0.47
2025-08-20 17:54:55,Neutral,0.60
2025-08-20 17:54:55,Neutral,0.69
2025-08-20 17:54:56,Neutral,0.60
2025-08-20 17:54:56,Neutral,0.49
2025-08-20 17:54:56,Neutral,0.66
2025-08-20 17:54:57,Neutral,0.55
2025-08-20 17:54:57,Neutral,0.55
2025-08-20 17:54:57,Neutral,0.53
2025-08-20 17:54:58,Neutral,0.71
2025-08-20 17:54:58,Neutral,0.57
2025-08-20 17:54:58,Neutral,0.54
2025-08-20 17:54:59,Neutral,0.66
2025-08-20 17:54:59,Neutral,0.63
2025-08-20 17:54:59,Neutral,0.72
2025-08-20 17:55:00,Neutral,0.44
2025-08-20 17:55:00,Neutral,0.57
2025-08-20 17:55:00,Neutral,0.77
2025-08-20 17:55:01,Neutral,0.55
2025-08-20 17:55:01,Neutral,0.62
2025-08-20 17:55:01,Neutral,0.60
2025-08-20 17:55:02,Neutral,0.48
2025-08-20 17:55:02,Neutral,0.66
2025-08-20 17:55:02,Neutral,0.74
2025-08-20 17:55:03,Neutral,0.45
2025-08-20 17:55:03,Neutral,0.50
2025-08-20 17:55:03,Neutral,0.61
2025-08-20 17:55:04,Neutral,0.52
2025-08-20 17:55:04,Neutral,0.55
2025-08-20 17:55:04,Neutral,0.78
2025-08-20 17:55:05,Neutral,0.63
2025-08-20 17:55:05,Neutral,0.58
2025-08-20 17:55:05,Neutral,0.60
2025-08-20 17:55:06,Neutral,0.59
2025-08-20 17:55:06,Neutral,0.68
2025-08-20 17:55:06,Neutral,0.70
2025-08-20 17:55:07,Neutral,0.65
2025-08-20 17:55:07,Neutral,0.68
2025-08-20 17:55:07,Neutral,0.56
2025-08-20 17:55:08,Neutral,0.59
2025-08-20 17:55:08,Neutral,0.57
2025-08-20 17:55:08,Neutral,0.68
2025-08-20 17:55:09,Neutral,0.59
2025-08-20 17:55:09,Neutral,0.57
2025-08-20 17:55:09,Neutral,0.63
2025-08-20 17:55:10,Neutral,0.66
2025-08-20 17:55:10,Neutral,0.71
2025-08-20 17:55:10,Neutral,0.54
2025-08-20 17:55:11,Neutral,0.59
2025-08-20 17:55:11,Neutral,0.70
2025-08-20 17:55:11,Neutral,0.67
2025-08-20 17:55:12,Neutral,0.60
2025-08-20 17:55:12,Neutral,0.62
2025-08-20 17:55:12,Neutral,0.70
2025-08-20 17:55:13,Neutral,0.57
2025-08-20 17:55:13,Neutral,0.58
2025-08-20 17:55:13,Neutral,0.72
2025-08-20 17:55:14,Neutral,0.64
2025-08-20 17:55:14,Neutral,0.68
2025-08-20 17:55:14,Neutral,0.62
2025-08-20 17:55:15,Neutral,0.46
2025-08-20 17:55:15,Neutral,0.51
2025-08-20 17:55:15,Neutral,0.73
2025-08-20 17:55:16,Neutral,0.63
2025-08-20 17:55:16,Neutral,0.50
2025-08-20 17:55:16,Neutral,0.49
2025-08-20 17:55:17,Neutral,0.69
2025-08-20 17:55:17,Neutral,0.32
2025-08-20 17:55:17,Neutral,0.54
2025-08-20 17:55:18,Neutral,0.51
2025-08-20 17:55:18,Surprise,0.34
2025-08-20 17:55:18,Neutral,0.48
2025-08-20 17:55:18,Neutral,0.55
2025-08-20 17:55:19,Neutral,0.46
2025-08-20 17:55:19,Neutral,0.47
2025-08-20 17:55:19,Neutral,0.43
2025-08-20 17:55:20,Neutral,0.60
2025-08-20 17:55:20,Neutral,0.57
2025-08-20 17:55:20,Neutral,0.83
2025-08-20 17:55:21,Neutral,0.68
2025-08-20 17:55:21,Neutral,0.77
2025-08-20 17:55:21,Neutral,0.55
2025-08-20 17:55:22,Neutral,0.55
2025-08-20 17:55:22,Neutral,0.57
2025-08-20 17:55:22,Neutral,0.63
2025-08-20 17:55:23,Neutral,0.59
2025-08-20 17:55:23,Neutral,0.42
2025-08-20 17:55:23,Neutral,0.51
2025-08-20 17:55:24,Neutral,0.51
2025-08-20 17:55:24,Neutral,0.35
2025-08-20 17:55:24,Neutral,0.39
2025-08-20 17:55:25,Neutral,0.40
2025-08-20 17:55:25,Neutral,0.46
2025-08-20 17:55:25,Neutral,0.38
2025-08-20 17:55:26,Neutral,0.45
2025-08-20 17:55:26,Neutral,0.51
2025-08-20 17:55:26,Neutral,0.51
2025-08-20 17:55:27,Neutral,0.44
2025-08-20 17:55:27,Neutral,0.67
2025-08-20 17:55:27,Neutral,0.70
2025-08-20 17:55:28,Neutral,0.40
2025-08-20 17:55:28,Neutral,0.83
2025-08-20 17:55:28,Neutral,0.69
2025-08-20 17:55:29,Neutral,0.62
2025-08-20 17:55:29,Neutral,0.51
2025-08-20 17:55:29,Neutral,0.68
2025-08-20 17:55:30,Neutral,0.48
2025-08-20 17:55:30,Neutral,0.60
2025-08-20 17:55:30,Neutral,0.51
2025-08-20 17:55:31,Neutral,0.42
2025-08-20 17:55:31,Neutral,0.61
2025-08-20 17:55:31,Neutral,0.56
2025-08-20 17:55:32,Neutral,0.54
2025-08-20 17:55:32,Neutral,0.65
2025-08-20 17:55:33,Neutral,0.61
2025-08-20 17:55:33,Sad,0.44
2025-08-20 17:55:33,Neutral,0.71
2025-08-20 17:55:34,Neutral,0.68
2025-08-20 17:55:34,Neutral,0.51
2025-08-20 17:55:34,Neutral,0.65
2025-08-20 17:55:35,Neutral,0.44
2025-08-20 17:55:35,Neutral,0.41
2025-08-20 17:55:35,Neutral,0.52
2025-08-20 17:55:36,Neutral,0.46
2025-08-20 17:55:36,Sad,0.37
2025-08-20 17:55:36,Sad,0.42
2025-08-20 17:55:37,Neutral,0.39
2025-08-20 17:55:37,Sad,0.42
2025-08-20 17:55:37,Sad,0.49
2025-08-20 17:55:38,Sad,0.41
2025-08-20 17:55:38,Sad,0.46
2025-08-20 17:55:38,Sad,0.48
2025-08-20 17:55:39,Sad,0.49
2025-08-20 17:55:39,Sad,0.59
2025-08-20 17:55:39,Sad,0.54
2025-08-20 17:55:40,Sad,0.56
2025-08-20 17:55:40,Sad,0.54
2025-08-20 17:55:40,Sad,0.42
2025-08-20 17:55:41,Neutral,0.53
2025-08-20 17:55:41,Neutral,0.45
2025-08-20 17:55:41,Neutral,0.54
2025-08-20 17:55:42,Neutral,0.70
2025-08-20 17:55:42,Neutral,0.71
2025-08-20 17:55:42,Neutral,0.55
2025-08-20 17:55:43,Neutral,0.62
2025-08-20 17:55:43,Neutral,0.52
2025-08-20 17:55:43,Neutral,0.56
2025-08-20 17:55:44,Neutral,0.63
2025-08-20 17:55:44,Neutral,0.46
2025-08-20 17:55:44,Neutral,0.59
2025-08-20 17:55:45,Neutral,0.55
2025-08-20 17:55:45,Neutral,0.57
2025-08-20 17:55:45,Neutral,0.55
2025-08-20 17:55:46,Neutral,0.62
2025-08-20 17:55:46,Neutral,0.66
2025-08-20 17:55:46,Neutral,0.57
2025-08-20 17:55:47,Neutral,0.66
2025-08-20 17:55:47,Neutral,0.41
2025-08-20 17:55:47,Neutral,0.37
2025-08-20 17:55:48,Sad,0.43
2025-08-20 17:55:48,Neutral,0.40
2025-08-20 17:55:48,Sad,0.46
2025-08-20 17:55:49,Sad,0.34
2025-08-20 17:55:49,Neutral,0.40
2025-08-20 17:55:49,Sad,0.38
2025-08-20 17:55:50,Neutral,0.45
2025-08-20 17:55:50,Neutral,0.52
2025-08-20 17:55:51,Neutral,0.44
2025-08-20 17:55:51,Neutral,0.56
2025-08-20 17:55:51,Neutral,0.39
2025-08-20 17:55:52,Neutral,0.67
2025-08-20 17:55:52,Neutral,0.68
2025-08-20 17:55:52,Neutral,0.48
2025-08-20 17:55:53,Neutral,0.43
2025-08-20 17:55:53,Sad,0.38
2025-08-20 17:55:53,Neutral,0.56
2025-08-20 17:55:54,Neutral,0.50
2025-08-20 17:55:54,Neutral,0.41
2025-08-20 17:55:54,Neutral,0.58
2025-08-20 17:55:55,Neutral,0.48
2025-08-20 17:55:55,Neutral,0.48
2025-08-20 17:55:55,Neutral,0.55
2025-08-20 17:55:56,Neutral,0.54
2025-08-20 17:55:56,Neutral,0.61
2025-08-20 17:55:56,Neutral,0.53
2025-08-20 17:55:57,Neutral,0.56
2025-08-20 17:55:57,Neutral,0.69
2025-08-20 17:55:57,Neutral,0.45
2025-08-20 17:55:58,Neutral,0.47
2025-08-20 17:55:58,Neutral,0.52
2025-08-20 17:55:58,Neutral,0.51
2025-08-20 17:55:59,Neutral,0.43
2025-08-20 17:55:59,Neutral,0.44
2025-08-20 17:55:59,Neutral,0.60
2025-08-20 17:56:00,Neutral,0.47
2025-08-20 17:56:00,Sad,0.32
2025-08-20 17:56:00,Sad,0.39
2025-08-20 17:56:01,Sad,0.46
2025-08-20 17:56:01,Neutral,0.50
2025-08-20 17:56:01,Neutral,0.52
2025-08-20 17:56:02,Neutral,0.48
2025-08-20 17:56:02,Neutral,0.44
2025-08-20 17:56:02,Neutral,0.62
2025-08-20 17:56:03,Neutral,0.50
2025-08-20 17:56:03,Neutral,0.56
2025-08-20 17:56:03,Neutral,0.50
2025-08-20 17:56:04,Sad,0.41
2025-08-20 17:56:04,Neutral,0.48
2025-08-20 17:56:04,Neutral,0.51
2025-08-20 17:56:05,Neutral,0.54
2025-08-20 17:56:05,Neutral,0.40
2025-08-20 17:56:05,Neutral,0.35
2025-08-20 17:56:06,Neutral,0.40
2025-08-20 17:56:06,Neutral,0.38
2025-08-20 17:56:07,Neutral,0.40
2025-08-20 17:56:07,Neutral,0.51
2025-08-20 17:56:07,Neutral,0.36
2025-08-20 17:56:08,Neutral,0.40
2025-08-20 17:56:08,Neutral,0.51
2025-08-20 17:56:08,Neutral,0.45
2025-08-20 17:56:09,Neutral,0.41
2025-08-20 17:56:09,Neutral,0.33
2025-08-20 17:56:09,Neutral,0.30
2025-08-20 17:56:10,Neutral,0.51
2025-08-20 17:56:10,Neutral,0.47
2025-08-20 17:56:10,Neutral,0.45
2025-08-20 17:56:11,Neutral,0.30
2025-08-20 17:56:11,Neutral,0.45
2025-08-20 17:56:11,Neutral,0.53
2025-08-20 17:56:12,Neutral,0.73
2025-08-20 17:56:12,Neutral,0.72
2025-08-20 17:56:12,Neutral,0.80
2025-08-20 17:56:13,Neutral,0.85
2025-08-20 17:56:13,Neutral,0.59
2025-08-20 17:56:13,Neutral,0.75
2025-08-20 17:56:14,Neutral,0.62
2025-08-20 17:56:14,Neutral,0.78
2025-08-20 17:56:14,Neutral,0.71
2025-08-20 17:56:15,Neutral,0.64
2025-08-20 17:56:15,Neutral,0.60
2025-08-20 17:56:15,Neutral,0.76
2025-08-20 17:56:16,Neutral,0.67
2025-08-20 17:56:16,Neutral,0.66
2025-08-20 17:56:16,Neutral,0.51
2025-08-20 17:56:17,Neutral,0.64
2025-08-20 17:56:17,Neutral,0.56
2025-08-20 17:56:17,Neutral,0.48
2025-08-20 17:56:18,Neutral,0.48
2025-08-20 17:56:18,Neutral,0.37
2025-08-20 17:56:18,Neutral,0.43
2025-08-20 17:56:19,Neutral,0.57
2025-08-20 17:56:19,Neutral,0.57
2025-08-20 17:56:19,Neutral,0.46
2025-08-20 17:56:20,Neutral,0.67
2025-08-20 17:56:20,Neutral,0.64
2025-08-20 17:56:20,Neutral,0.67
2025-08-20 17:56:21,Neutral,0.58
2025-08-20 17:56:21,Neutral,0.66
2025-08-20 17:56:21,Neutral,0.71
2025-08-20 17:56:22,Neutral,0.56
2025-08-20 17:56:22,Neutral,0.69
2025-08-20 17:56:23,Neutral,0.76
2025-08-20 17:56:23,Neutral,0.67
2025-08-20 17:56:23,Neutral,0.62
2025-08-20 17:56:24,Neutral,0.57
2025-08-20 17:56:24,Neutral,0.38
2025-08-20 17:56:24,Neutral,0.64
2025-08-20 17:56:25,Neutral,0.66
2025-08-20 17:56:25,Neutral,0.50
2025-08-20 17:56:25,Neutral,0.63
2025-08-20 17:56:26,Happy,0.68
2025-08-20 17:56:26,Neutral,0.49
2025-08-20 17:56:26,Sad,0.42
2025-08-20 17:56:26,Sad,0.37
2025-08-20 17:56:27,Sad,0.46
2025-08-20 17:56:27,Neutral,0.45
2025-08-20 17:56:28,Sad,0.33
2025-08-20 17:56:28,Neutral,0.41
2025-08-20 17:56:28,Neutral,0.37
2025-08-20 17:56:29,Neutral,0.37
2025-08-20 17:56:29,Neutral,0.47
2025-08-20 17:56:29,Neutral,0.41
2025-08-20 17:56:30,Sad,0.47
2025-08-20 17:56:30,Neutral,0.43
2025-08-20 17:56:30,Neutral,0.41
2025-08-20 17:56:31,Sad,0.37
2025-08-20 17:56:31,Neutral,0.42
2025-08-20 17:56:32,Neutral,0.46
2025-08-20 17:56:32,Neutral,0.57
2025-08-20 17:56:32,Neutral,0.45
2025-08-20 17:56:33,Sad,0.39
2025-08-20 17:56:33,Sad,0.38
2025-08-20 17:56:33,Neutral,0.39
2025-08-20 17:56:34,Neutral,0.51
2025-08-20 17:56:34,Sad,0.33
2025-08-20 17:56:34,Neutral,0.51
2025-08-20 17:56:35,Sad,0.47
2025-08-20 17:56:35,Neutral,0.42
2025-08-20 17:56:35,Neutral,0.38
2025-08-20 17:56:36,Neutral,0.44
2025-08-20 17:56:36,Neutral,0.47
2025-08-20 17:56:36,Neutral,0.76
2025-08-20 17:56:37,Neutral,0.50
2025-08-20 17:56:37,Neutral,0.66
2025-08-20 17:56:38,Neutral,0.48
2025-08-20 17:56:38,Neutral,0.42
2025-08-20 17:56:38,Neutral,0.47
2025-08-20 17:56:39,Neutral,0.56
2025-08-20 17:56:39,Neutral,0.66
2025-08-20 17:56:39,Neutral,0.55
2025-08-20 17:56:40,Neutral,0.51
2025-08-20 17:56:40,Neutral,0.58
2025-08-20 17:56:40,Neutral,0.50
2025-08-20 17:56:41,Neutral,0.74
2025-08-20 17:56:41,Neutral,0.66
2025-08-20 17:56:41,Neutral,0.59
2025-08-20 17:56:42,Neutral,0.74
2025-08-20 17:56:42,Neutral,0.58
2025-08-20 17:56:42,Neutral,0.66
2025-08-20 17:56:43,Neutral,0.69
2025-08-20 17:56:43,Neutral,0.70
2025-08-20 17:56:43,Neutral,0.68
2025-08-20 17:56:44,Neutral,0.72
2025-08-20 17:56:44,Neutral,0.65
2025-08-20 17:56:44,Neutral,0.83
2025-08-20 17:56:45,Neutral,0.74
2025-08-20 17:56:45,Neutral,0.69
2025-08-20 17:56:46,Neutral,0.71
2025-08-20 17:56:46,Neutral,0.75
2025-08-20 17:56:46,Neutral,0.79
2025-08-20 17:56:47,Neutral,0.77
2025-08-20 17:56:47,Neutral,0.76
2025-08-20 17:56:47,Neutral,0.68
2025-08-20 17:56:48,Neutral,0.74
2025-08-20 17:56:48,Neutral,0.64
2025-08-20 17:56:49,Neutral,0.59
2025-08-20 17:56:49,Neutral,0.56
2025-08-20 17:56:49,Neutral,0.70
2025-08-20 17:56:50,Neutral,0.58
2025-08-20 17:56:50,Neutral,0.65
2025-08-20 17:56:50,Neutral,0.68
2025-08-20 17:56:51,Neutral,0.71
2025-08-20 17:56:51,Neutral,0.66
2025-08-20 17:56:51,Neutral,0.61
2025-08-20 17:56:52,Neutral,0.60
2025-08-20 17:56:52,Happy,0.51
2025-08-20 17:56:52,Neutral,0.67
2025-08-20 17:56:53,Neutral,0.52
2025-08-20 17:56:53,Neutral,0.52
2025-08-20 17:56:53,Neutral,0.85
2025-08-20 17:56:54,Neutral,0.86
2025-08-20 17:56:54,Neutral,0.69
2025-08-20 17:56:55,Neutral,0.80
2025-08-20 17:56:56,Neutral,0.87
2025-08-20 17:56:57,Neutral,0.66
2025-08-20 17:56:57,Happy,0.90
2025-08-20 17:56:58,Happy,0.93
2025-08-20 17:56:58,Happy,0.91
2025-08-20 17:56:58,Happy,0.86
2025-08-20 17:56:59,Happy,0.91
2025-08-20 17:56:59,Happy,0.91
2025-08-20 17:56:59,Happy,0.92
2025-08-20 17:57:00,Happy,0.64
2025-08-20 17:57:00,Happy,0.65
2025-08-20 17:57:01,Happy,0.64
2025-08-20 17:57:01,Happy,0.45
2025-08-20 17:57:01,Neutral,0.42
2025-08-20 17:57:01,Sad,0.49
2025-08-20 17:57:02,Neutral,0.48
2025-08-20 17:57:02,Neutral,0.53
2025-08-20 17:57:02,Neutral,0.54
2025-08-20 17:57:03,Neutral,0.56
2025-08-20 17:57:03,Neutral,0.51
2025-08-20 17:57:03,Neutral,0.56
2025-08-20 17:57:04,Happy,0.51
2025-08-20 17:57:04,Happy,0.84
2025-08-20 17:57:04,Happy,0.58
2025-08-20 17:57:05,Happy,0.57
2025-08-20 17:57:05,Neutral,0.68
2025-08-20 17:57:05,Neutral,0.81
2025-08-20 17:57:06,Neutral,0.81
2025-08-20 17:57:06,Neutral,0.76
2025-08-20 17:57:06,Neutral,0.85
2025-08-20 17:57:07,Neutral,0.76
2025-08-20 17:57:07,Neutral,0.74
2025-08-20 17:57:07,Neutral,0.73
2025-08-20 17:57:08,Neutral,0.71
2025-08-20 17:57:08,Neutral,0.72
2025-08-20 17:57:08,Neutral,0.65
2025-08-20 17:57:09,Neutral,0.72
2025-08-20 17:57:09,Neutral,0.74
2025-08-20 17:57:10,Neutral,0.72
2025-08-20 17:57:10,Surprise,0.35
2025-08-20 17:57:10,Neutral,0.60
2025-08-20 17:57:10,Neutral,0.54
2025-08-20 17:57:11,Neutral,0.58
2025-08-20 17:57:11,Neutral,0.74
2025-08-20 17:57:11,Neutral,0.68
2025-08-20 17:57:12,Neutral,0.64
2025-08-20 17:57:12,Neutral,0.70
2025-08-20 17:57:12,Neutral,0.63
2025-08-20 17:57:13,Neutral,0.63
2025-08-20 17:57:13,Neutral,0.58
2025-08-20 17:57:13,Neutral,0.71
2025-08-20 17:57:14,Neutral,0.70
2025-08-20 17:57:14,Neutral,0.66
2025-08-20 17:57:15,Neutral,0.77
2025-08-20 17:57:15,Neutral,0.76
2025-08-20 17:57:15,Neutral,0.62
2025-08-20 17:57:16,Neutral,0.69
2025-08-20 17:57:16,Neutral,0.73
2025-08-20 17:57:16,Neutral,0.75
2025-08-20 17:57:17,Neutral,0.65
2025-08-20 17:57:17,Neutral,0.72
2025-08-20 17:57:17,Neutral,0.73
2025-08-20 17:57:18,Neutral,0.73
2025-08-20 17:57:18,Neutral,0.76
2025-08-20 17:57:18,Neutral,0.84
2025-08-20 17:57:19,Neutral,0.67
2025-08-20 17:57:19,Neutral,0.72
2025-08-20 17:57:19,Neutral,0.64
2025-08-20 17:57:20,Neutral,0.70
2025-08-20 17:57:20,Neutral,0.81
2025-08-20 17:57:20,Neutral,0.69
2025-08-20 17:57:21,Happy,0.57
2025-08-20 17:57:21,Neutral,0.64
2025-08-20 17:57:22,Neutral,0.64
2025-08-20 17:57:22,Neutral,0.64
2025-08-20 17:57:22,Neutral,0.59
2025-08-20 17:57:23,Neutral,0.49
2025-08-20 17:57:23,Neutral,0.45
2025-08-20 17:57:23,Neutral,0.67
2025-08-20 17:57:24,Neutral,0.45
2025-08-20 17:57:24,Neutral,0.37
2025-08-20 17:57:25,Neutral,0.35
2025-08-20 17:57:25,Neutral,0.36
2025-08-20 17:57:25,Neutral,0.41
2025-08-20 17:57:26,Neutral,0.40
2025-08-20 17:57:26,Neutral,0.36
2025-08-20 17:57:26,Sad,0.37
2025-08-20 17:57:27,Sad,0.31
2025-08-20 17:57:27,Neutral,0.35
2025-08-20 17:57:28,Neutral,0.35
2025-08-20 17:57:28,Happy,0.33
2025-08-20 17:57:28,Neutral,0.41
2025-08-20 17:57:29,Neutral,0.46
2025-08-20 17:57:29,Happy,0.40
2025-08-20 17:57:29,Neutral,0.29
2025-08-20 17:57:30,Neutral,0.23
2025-08-20 17:57:30,Neutral,0.36
2025-08-20 17:57:30,Sad,0.37
2025-08-20 17:57:31,Sad,0.31
2025-08-20 17:57:31,Sad,0.34
2025-08-20 17:57:32,Sad,0.54
2025-08-20 17:57:32,Sad,0.59
2025-08-20 17:57:32,Sad,0.56
2025-08-20 17:57:33,Sad,0.42
2025-08-20 17:57:33,Neutral,0.40
2025-08-20 17:57:33,Neutral,0.41
2025-08-20 17:57:34,Neutral,0.36
2025-08-20 17:57:34,Neutral,0.40
2025-08-20 17:57:34,Sad,0.36
2025-08-20 17:57:35,Neutral,0.39
2025-08-20 18:15:33,Webcam,Angry,0.38
2025-08-20 18:15:33,Webcam,Happy,0.53
2025-08-20 18:15:33,Webcam,Happy,0.50
2025-08-20 18:15:34,Webcam,Neutral,0.46
2025-08-20 18:15:34,Webcam,Neutral,0.52
2025-08-20 18:15:34,Webcam,Neutral,0.49
2025-08-20 18:15:34,Webcam,Neutral,0.45
2025-08-20 18:15:34,Webcam,Neutral,0.54
2025-08-20 18:15:34,Webcam,Happy,0.83
2025-08-20 18:15:34,Webcam,Happy,0.72
2025-08-20 18:15:34,Webcam,Happy,0.63
2025-08-20 18:15:35,Webcam,Happy,0.47
2025-08-20 18:15:35,Webcam,Neutral,0.54
2025-08-20 18:15:35,Webcam,Happy,0.49
2025-08-20 18:15:35,Webcam,Happy,0.65
2025-08-20 18:15:35,Webcam,Happy,0.54
2025-08-20 18:15:35,Webcam,Neutral,0.59
2025-08-20 18:15:35,Webcam,Neutral,0.44
2025-08-20 18:15:35,Webcam,Happy,0.46
2025-08-20 18:15:35,Webcam,Happy,0.41
2025-08-20 18:15:36,Webcam,Happy,0.55
2025-08-20 18:15:36,Webcam,Happy,0.58
2025-08-20 18:15:36,Webcam,Neutral,0.51
2025-08-20 18:15:36,Webcam,Happy,0.69
2025-08-20 18:15:36,Webcam,Happy,0.50
2025-08-20 18:15:36,Webcam,Happy,0.70
2025-08-20 18:15:36,Webcam,Happy,0.79
2025-08-20 18:15:36,Webcam,Happy,0.58
2025-08-20 18:15:36,Webcam,Neutral,0.53
2025-08-20 18:15:37,Webcam,Happy,0.43
2025-08-20 18:15:37,Webcam,Neutral,0.45
2025-08-20 18:15:37,Webcam,Happy,0.34
2025-08-20 18:15:37,Webcam,Angry,0.31
2025-08-20 18:15:37,Webcam,Happy,0.34
2025-08-20 18:15:37,Webcam,Happy,0.51
2025-08-20 18:15:38,Webcam,Happy,0.42
2025-08-20 18:15:38,Webcam,Happy,0.51
2025-08-20 18:15:38,Webcam,Neutral,0.45
2025-08-20 18:15:38,Webcam,Happy,0.53
2025-08-20 18:15:38,Webcam,Neutral,0.51
2025-08-20 18:15:38,Webcam,Happy,0.70
2025-08-20 18:15:38,Webcam,Happy,0.66
2025-08-20 18:15:38,Webcam,Happy,0.48
2025-08-20 18:15:38,Webcam,Happy,0.52
2025-08-20 18:15:39,Webcam,Happy,0.46
2025-08-20 18:15:39,Webcam,Happy,0.36
2025-08-20 18:15:39,Webcam,Neutral,0.59
2025-08-20 18:15:39,Webcam,Neutral,0.67
2025-08-20 18:15:39,Webcam,Neutral,0.71
2025-08-20 18:15:39,Webcam,Neutral,0.74
2025-08-20 18:15:39,Webcam,Neutral,0.82
2025-08-20 18:15:39,Webcam,Neutral,0.61
2025-08-20 18:15:40,Webcam,Neutral,0.56
2025-08-20 18:15:40,Webcam,Neutral,0.47
2025-08-20 18:15:40,Webcam,Happy,0.44
2025-08-20 18:15:40,Webcam,Neutral,0.55
2025-08-20 18:15:40,Webcam,Neutral,0.57
2025-08-20 18:15:40,Webcam,Neutral,0.51
2025-08-20 18:15:40,Webcam,Neutral,0.65
2025-08-20 18:15:40,Webcam,Neutral,0.48
2025-08-20 18:15:40,Webcam,Neutral,0.76
2025-08-20 18:15:41,Webcam,Happy,0.46
2025-08-20 18:15:41,Webcam,Neutral,0.80
2025-08-20 18:15:41,Webcam,Neutral,0.64
2025-08-20 18:15:41,Webcam,Neutral,0.70
2025-08-20 18:15:41,Webcam,Neutral,0.61
2025-08-20 18:15:41,Webcam,Neutral,0.50
2025-08-20 18:15:41,Webcam,Happy,0.50
2025-08-20 18:15:41,Webcam,Neutral,0.54
2025-08-20 18:15:42,Webcam,Neutral,0.54
2025-08-20 18:15:42,Webcam,Neutral,0.61
2025-08-20 18:15:42,Webcam,Happy,0.46
2025-08-20 18:15:42,Webcam,Neutral,0.55
2025-08-20 18:15:42,Webcam,Neutral,0.58
2025-08-20 18:15:42,Webcam,Happy,0.55
2025-08-20 18:15:42,Webcam,Neutral,0.59
2025-08-20 18:15:42,Webcam,Neutral,0.35
2025-08-20 18:15:42,Webcam,Neutral,0.47
2025-08-20 18:15:43,Webcam,Neutral,0.53
2025-08-20 18:15:43,Webcam,Happy,0.48
2025-08-20 18:15:43,Webcam,Neutral,0.42
2025-08-20 18:15:43,Webcam,Neutral,0.45
2025-08-20 18:15:43,Webcam,Happy,0.42
2025-08-20 18:15:43,Webcam,Happy,0.57
2025-08-20 18:15:43,Webcam,Happy,0.58
2025-08-20 18:15:43,Webcam,Happy,0.48
2025-08-20 18:15:43,Webcam,Neutral,0.48
2025-08-20 18:15:44,Webcam,Happy,0.46
2025-08-20 18:15:44,Webcam,Neutral,0.56
2025-08-20 18:15:44,Webcam,Happy,0.52
2025-08-20 18:15:44,Webcam,Happy,0.49
2025-08-20 18:15:44,Webcam,Happy,0.50
2025-08-20 18:15:44,Webcam,Neutral,0.66
2025-08-20 18:15:44,Webcam,Neutral,0.62
2025-08-20 18:15:44,Webcam,Neutral,0.56
2025-08-20 18:15:44,Webcam,Neutral,0.56
2025-08-20 18:15:45,Webcam,Happy,0.51
2025-08-20 18:15:45,Webcam,Happy,0.53
2025-08-20 18:15:45,Webcam,Happy,0.51
2025-08-20 18:15:45,Webcam,Neutral,0.47
2025-08-20 18:15:45,Webcam,Neutral,0.65
2025-08-20 18:15:45,Webcam,Happy,0.49
2025-08-20 18:15:45,Webcam,Neutral,0.63
2025-08-20 18:15:45,Webcam,Happy,0.46
2025-08-20 18:15:45,Webcam,Neutral,0.68
2025-08-20 18:15:46,Webcam,Happy,0.42
2025-08-20 18:15:46,Webcam,Neutral,0.69
2025-08-20 18:15:46,Webcam,Neutral,0.50
2025-08-20 18:15:46,Webcam,Neutral,0.58
2025-08-20 18:15:46,Webcam,Neutral,0.70
2025-08-20 18:15:46,Webcam,Neutral,0.83
2025-08-20 18:15:46,Webcam,Neutral,0.69
2025-08-20 18:15:47,Webcam,Neutral,0.63
2025-08-20 18:15:47,Webcam,Neutral,0.56
2025-08-20 18:15:47,Webcam,Happy,0.53
2025-08-20 18:15:47,Webcam,Neutral,0.53
2025-08-20 18:15:47,Webcam,Neutral,0.44
2025-08-20 18:15:47,Webcam,Happy,0.37
2025-08-20 18:15:47,Webcam,Neutral,0.39
2025-08-20 18:15:47,Webcam,Neutral,0.39
2025-08-20 18:15:47,Webcam,Neutral,0.53
2025-08-20 18:15:48,Webcam,Neutral,0.48
2025-08-20 18:15:48,Webcam,Happy,0.43
2025-08-20 18:15:48,Webcam,Neutral,0.47
2025-08-20 18:15:48,Webcam,Neutral,0.42
2025-08-20 18:15:48,Webcam,Neutral,0.55
2025-08-20 18:15:48,Webcam,Neutral,0.56
2025-08-20 18:15:48,Webcam,Neutral,0.37
2025-08-20 18:15:48,Webcam,Neutral,0.48
2025-08-20 18:15:48,Webcam,Neutral,0.51
2025-08-20 18:15:49,Webcam,Neutral,0.52
2025-08-20 18:15:49,Webcam,Neutral,0.59
2025-08-20 18:15:49,Webcam,Neutral,0.44
2025-08-20 18:15:49,Webcam,Neutral,0.49
2025-08-20 18:15:49,Webcam,Happy,0.44
2025-08-20 18:15:49,Webcam,Neutral,0.51
2025-08-20 18:15:49,Webcam,Neutral,0.59
2025-08-20 18:15:49,Webcam,Neutral,0.45
2025-08-20 18:15:50,Webcam,Neutral,0.54
2025-08-20 18:15:50,Webcam,Neutral,0.61
2025-08-20 18:15:50,Webcam,Neutral,0.47
2025-08-20 18:15:50,Webcam,Neutral,0.55
2025-08-20 18:15:50,Webcam,Neutral,0.46
2025-08-20 18:15:50,Webcam,Neutral,0.39
2025-08-20 18:15:50,Webcam,Neutral,0.34
2025-08-20 18:15:50,Webcam,Neutral,0.51
2025-08-20 18:15:50,Webcam,Neutral,0.43
2025-08-20 18:15:51,Webcam,Neutral,0.37
2025-08-20 18:15:51,Webcam,Neutral,0.34
2025-08-20 18:15:51,Webcam,Angry,0.33
2025-08-20 18:15:51,Webcam,Neutral,0.34
2025-08-20 18:15:51,Webcam,Happy,0.35
2025-08-20 18:15:51,Webcam,Happy,0.38
2025-08-20 18:15:51,Webcam,Happy,0.47
2025-08-20 18:15:51,Webcam,Happy,0.39
2025-08-20 18:15:52,Webcam,Happy,0.37
2025-08-20 18:15:52,Webcam,Happy,0.25
2025-08-20 18:15:52,Webcam,Happy,0.44
2025-08-20 18:15:52,Webcam,Fear,0.35
2025-08-20 18:15:52,Webcam,Neutral,0.47
2025-08-20 18:15:52,Webcam,Neutral,0.47
2025-08-20 18:15:52,Webcam,Happy,0.48
2025-08-20 18:15:52,Webcam,Happy,0.73
2025-08-20 18:15:53,Webcam,Happy,0.47
2025-08-20 18:15:53,Webcam,Happy,0.62
2025-08-20 18:15:53,Webcam,Happy,0.45
2025-08-20 18:15:53,Webcam,Neutral,0.43
2025-08-20 18:15:53,Webcam,Neutral,0.50
2025-08-20 18:15:53,Webcam,Neutral,0.55
2025-08-20 18:15:53,Webcam,Neutral,0.39
2025-08-20 18:15:53,Webcam,Neutral,0.46
2025-08-20 18:15:53,Webcam,Happy,0.36
2025-08-20 18:15:54,Webcam,Fear,0.32
2025-08-20 18:15:54,Webcam,Happy,0.66
2025-08-20 18:15:54,Webcam,Neutral,0.34
2025-08-20 18:15:54,Webcam,Neutral,0.47
2025-08-20 18:15:54,Webcam,Happy,0.47
2025-08-20 18:15:54,Webcam,Fear,0.36
2025-08-20 18:15:54,Webcam,Neutral,0.35
2025-08-20 18:15:55,Webcam,Happy,0.33
2025-08-20 18:15:55,Webcam,Neutral,0.40
2025-08-20 18:15:55,Webcam,Neutral,0.39
2025-08-20 18:15:55,Webcam,Neutral,0.49
2025-08-20 18:15:55,Webcam,Neutral,0.43
2025-08-20 18:15:55,Webcam,Neutral,0.54
2025-08-20 18:15:55,Webcam,Neutral,0.45
2025-08-20 18:16:04,Vidéo,Neutral,0.40
2025-08-20 18:16:04,Vidéo,Neutral,0.43
2025-08-20 18:16:04,Vidéo,Surprise,0.34
2025-08-20 18:16:04,Vidéo,Neutral,0.47
2025-08-20 18:16:05,Vidéo,Neutral,0.37
2025-08-20 18:16:05,Vidéo,Neutral,0.48
2025-08-20 18:16:06,Vidéo,Sad,0.44
2025-08-20 18:16:06,Vidéo,Sad,0.43
2025-08-20 18:16:06,Vidéo,Neutral,0.35
2025-08-20 18:16:06,Vidéo,Surprise,0.34
2025-08-20 18:16:07,Vidéo,Happy,0.37
2025-08-20 18:16:07,Vidéo,Neutral,0.42
2025-08-20 18:16:07,Vidéo,Neutral,0.39
2025-08-20 18:16:07,Vidéo,Neutral,0.35
2025-08-20 18:16:08,Vidéo,Neutral,0.47
2025-08-20 18:16:08,Vidéo,Neutral,0.49
2025-08-20 18:16:09,Vidéo,Neutral,0.57
2025-08-20 18:16:09,Vidéo,Sad,0.32
2025-08-20 18:16:09,Vidéo,Neutral,0.35
2025-08-20 18:16:10,Vidéo,Sad,0.50
2025-08-20 18:16:10,Vidéo,Neutral,0.40
2025-08-20 18:16:10,Vidéo,Neutral,0.39
2025-08-20 18:16:11,Vidéo,Sad,0.39
2025-08-20 18:16:11,Vidéo,Surprise,0.34
2025-08-20 18:16:11,Vidéo,Sad,0.44
2025-08-20 18:16:12,Vidéo,Sad,0.44
2025-08-20 18:16:12,Vidéo,Neutral,0.33
2025-08-20 18:16:12,Vidéo,Sad,0.40
2025-08-20 18:16:13,Vidéo,Neutral,0.40
2025-08-20 18:16:13,Vidéo,Sad,0.32
2025-08-20 18:16:13,Vidéo,Sad,0.42
2025-08-20 18:16:14,Vidéo,Neutral,0.44
2025-08-20 18:16:14,Vidéo,Neutral,0.47
2025-08-20 18:16:15,Vidéo,Sad,0.35
2025-08-20 18:16:15,Vidéo,Neutral,0.51
2025-08-20 18:16:15,Vidéo,Sad,0.50
2025-08-20 18:16:16,Vidéo,Sad,0.49
2025-08-20 18:16:16,Vidéo,Neutral,0.41
2025-08-20 18:16:16,Vidéo,Sad,0.37
2025-08-20 18:16:17,Vidéo,Sad,0.31
2025-08-20 18:16:17,Vidéo,Sad,0.40
2025-08-20 18:16:18,Vidéo,Sad,0.36
2025-08-20 18:16:18,Vidéo,Neutral,0.47
2025-08-20 18:16:18,Vidéo,Sad,0.48
2025-08-20 18:16:19,Vidéo,Sad,0.54
2025-08-20 18:16:19,Vidéo,Sad,0.43
2025-08-20 18:16:19,Vidéo,Sad,0.47
2025-08-20 18:16:20,Vidéo,Sad,0.45
2025-08-20 18:16:20,Vidéo,Neutral,0.49
2025-08-20 18:16:21,Vidéo,Neutral,0.44
2025-08-20 18:16:21,Vidéo,Neutral,0.44
2025-08-20 18:16:21,Vidéo,Neutral,0.41
2025-08-20 18:16:22,Vidéo,Sad,0.43
2025-08-20 18:16:22,Vidéo,Sad,0.56
2025-08-20 18:16:22,Vidéo,Surprise,0.32
2025-08-20 18:16:22,Vidéo,Sad,0.46
2025-08-20 18:16:23,Vidéo,Sad,0.47
2025-08-20 18:16:23,Vidéo,Neutral,0.56
2025-08-20 18:16:24,Vidéo,Neutral,0.65
2025-08-20 18:16:24,Vidéo,Neutral,0.61
2025-08-20 18:16:24,Vidéo,Neutral,0.68
2025-08-20 18:16:25,Vidéo,Neutral,0.83
2025-08-20 18:16:25,Vidéo,Neutral,0.70
2025-08-20 18:16:26,Vidéo,Neutral,0.69
2025-08-20 18:16:26,Vidéo,Neutral,0.72
2025-08-20 18:16:26,Vidéo,Neutral,0.71
2025-08-20 18:16:27,Vidéo,Neutral,0.58
2025-08-20 18:16:27,Vidéo,Fear,0.26
2025-08-20 18:16:27,Vidéo,Neutral,0.72
2025-08-20 18:16:27,Vidéo,Neutral,0.67
2025-08-20 18:16:28,Vidéo,Neutral,0.47
2025-08-20 18:16:28,Vidéo,Neutral,0.74
2025-08-20 18:16:29,Vidéo,Neutral,0.70
2025-08-20 18:16:29,Vidéo,Neutral,0.75
2025-08-20 18:16:29,Vidéo,Neutral,0.71
2025-08-20 18:16:30,Vidéo,Neutral,0.77
2025-08-20 18:16:30,Vidéo,Neutral,0.64
2025-08-20 18:16:31,Vidéo,Neutral,0.48
2025-08-20 18:16:31,Vidéo,Neutral,0.54
2025-08-20 18:16:31,Vidéo,Neutral,0.50
2025-08-20 18:16:32,Vidéo,Neutral,0.47
2025-08-20 18:16:32,Vidéo,Neutral,0.40
2025-08-20 18:16:33,Vidéo,Neutral,0.40
2025-08-20 18:16:33,Vidéo,Neutral,0.41
2025-08-20 18:16:33,Vidéo,Sad,0.31
2025-08-20 18:16:33,Vidéo,Surprise,0.35
2025-08-20 18:16:34,Vidéo,Neutral,0.42
2025-08-20 18:16:34,Vidéo,Surprise,0.35
2025-08-20 18:16:34,Vidéo,Sad,0.37
2025-08-20 18:16:34,Vidéo,Fear,0.27
2025-08-20 18:16:35,Vidéo,Neutral,0.50
2025-08-20 18:16:35,Vidéo,Neutral,0.50
2025-08-20 18:16:35,Vidéo,Fear,0.35
2025-08-20 18:16:35,Vidéo,Neutral,0.70
2025-08-20 18:16:36,Vidéo,Neutral,0.58
2025-08-20 18:16:36,Vidéo,Sad,0.46
2025-08-20 18:16:37,Vidéo,Neutral,0.41
2025-08-20 18:16:37,Vidéo,Neutral,0.49
2025-08-20 18:16:37,Vidéo,Sad,0.40
2025-08-20 18:16:38,Vidéo,Sad,0.36
2025-08-20 18:16:38,Vidéo,Surprise,0.29
2025-08-20 18:16:38,Vidéo,Sad,0.42
2025-08-20 18:16:38,Vidéo,Sad,0.47
2025-08-20 18:16:38,Vidéo,Sad,0.68
2025-08-20 18:16:39,Vidéo,Sad,0.38
2025-08-20 18:16:39,Vidéo,Happy,0.53
2025-08-20 18:16:39,Vidéo,Sad,0.37
2025-08-20 18:16:40,Vidéo,Sad,0.49
2025-08-20 18:16:40,Vidéo,Sad,0.36
2025-08-20 18:16:40,Vidéo,Neutral,0.26
2025-08-20 18:16:40,Vidéo,Neutral,0.37
2025-08-20 18:16:40,Vidéo,Surprise,0.29
2025-08-20 18:16:41,Vidéo,Neutral,0.47
2025-08-20 18:16:41,Vidéo,Neutral,0.37
2025-08-20 18:16:41,Vidéo,Neutral,0.41
2025-08-20 18:16:41,Vidéo,Surprise,0.30
2025-08-20 18:16:42,Vidéo,Sad,0.40
2025-08-20 18:16:42,Vidéo,Neutral,0.42
2025-08-20 18:16:43,Vidéo,Sad,0.36
2025-08-20 18:16:43,Vidéo,Sad,0.42
2025-08-20 18:16:43,Vidéo,Neutral,0.41
2025-08-20 18:16:44,Vidéo,Neutral,0.44
2025-08-20 18:16:44,Vidéo,Sad,0.51
2025-08-20 18:16:44,Vidéo,Sad,0.49
2025-08-20 18:16:45,Vidéo,Neutral,0.44
2025-08-20 18:16:45,Vidéo,Neutral,0.61
2025-08-20 18:16:46,Vidéo,Sad,0.41
2025-08-20 18:16:46,Vidéo,Neutral,0.44
2025-08-20 18:16:46,Vidéo,Neutral,0.41
2025-08-20 18:16:47,Vidéo,Neutral,0.39
2025-08-20 18:16:47,Vidéo,Neutral,0.32
2025-08-20 18:16:48,Vidéo,Sad,0.39
2025-08-20 18:16:48,Vidéo,Neutral,0.41
2025-08-20 18:16:48,Vidéo,Neutral,0.42
2025-08-20 18:16:49,Vidéo,Neutral,0.58
2025-08-20 18:16:49,Vidéo,Neutral,0.47
2025-08-20 18:16:50,Vidéo,Neutral,0.34
2025-08-20 18:16:50,Vidéo,Neutral,0.40
2025-08-20 18:16:50,Vidéo,Neutral,0.44
2025-08-20 18:16:51,Vidéo,Neutral,0.51
2025-08-20 18:16:51,Vidéo,Neutral,0.34
2025-08-20 18:16:51,Vidéo,Surprise,0.32
2025-08-20 18:16:52,Vidéo,Sad,0.35
2025-08-20 18:16:52,Vidéo,Neutral,0.53
2025-08-20 18:16:52,Vidéo,Neutral,0.46
2025-08-20 18:16:53,Vidéo,Sad,0.36
2025-08-20 18:16:53,Vidéo,Neutral,0.47
2025-08-20 18:16:53,Vidéo,Neutral,0.30
2025-08-20 18:16:53,Vidéo,Surprise,0.34
2025-08-20 18:16:54,Vidéo,Neutral,0.39
2025-08-20 18:16:54,Vidéo,Surprise,0.30
2025-08-20 18:16:54,Vidéo,Neutral,0.38
2025-08-20 18:16:54,Vidéo,Neutral,0.41
2025-08-20 18:16:55,Vidéo,Neutral,0.29
2025-08-20 18:16:55,Vidéo,Surprise,0.31
2025-08-20 18:16:55,Vidéo,Neutral,0.28
2025-08-20 18:16:55,Vidéo,Neutral,0.30
2025-08-20 18:16:56,Vidéo,Sad,0.30
2025-08-20 18:16:56,Vidéo,Neutral,0.31
2025-08-20 18:16:56,Vidéo,Neutral,0.42
2025-08-20 18:16:56,Vidéo,Fear,0.30
2025-08-20 18:16:56,Vidéo,Sad,0.29
2025-08-20 18:16:57,Vidéo,Sad,0.35
2025-08-20 18:16:57,Vidéo,Surprise,0.30
2025-08-20 18:16:57,Vidéo,Fear,0.29
2025-08-20 18:16:58,Vidéo,Neutral,0.35
2025-08-20 18:16:58,Vidéo,Surprise,0.36
2025-08-20 18:16:58,Vidéo,Sad,0.35
2025-08-20 18:16:58,Vidéo,Surprise,0.34
2025-08-20 18:16:58,Vidéo,Sad,0.31
2025-08-20 18:16:58,Vidéo,Fear,0.31
2025-08-20 18:16:59,Vidéo,Sad,0.38
2025-08-20 18:16:59,Vidéo,Sad,0.42
2025-08-20 18:17:00,Vidéo,Surprise,0.31
2025-08-20 18:17:00,Vidéo,Sad,0.43
2025-08-20 18:17:00,Vidéo,Sad,0.36
2025-08-20 18:17:00,Vidéo,Surprise,0.33
2025-08-20 18:17:00,Vidéo,Sad,0.44
2025-08-20 18:17:01,Vidéo,Surprise,0.34
2025-08-20 18:17:01,Vidéo,Sad,0.32
2025-08-20 18:17:01,Vidéo,Sad,0.41
2025-08-20 18:17:02,Vidéo,Surprise,0.31
2025-08-20 18:17:02,Vidéo,Sad,0.28
2025-08-20 18:17:02,Vidéo,Sad,0.40
2025-08-20 18:17:02,Vidéo,Surprise,0.32
2025-08-20 18:17:02,Vidéo,Sad,0.38
2025-08-20 18:17:03,Vidéo,Neutral,0.32
2025-08-20 18:17:03,Vidéo,Sad,0.32
2025-08-20 18:17:03,Vidéo,Surprise,0.31
2025-08-20 18:17:03,Vidéo,Sad,0.33
2025-08-20 18:17:04,Vidéo,Surprise,0.33
2025-08-20 18:17:04,Vidéo,Sad,0.36
2025-08-20 18:17:04,Vidéo,Surprise,0.34
2025-08-20 18:17:04,Vidéo,Sad,0.25
2025-08-20 18:17:04,Vidéo,Surprise,0.34
2025-08-20 18:17:04,Vidéo,Sad,0.42
2025-08-20 18:17:05,Vidéo,Neutral,0.34
2025-08-20 18:17:05,Vidéo,Surprise,0.33
2025-08-20 18:17:05,Vidéo,Sad,0.35
2025-08-20 18:17:06,Vidéo,Surprise,0.35
2025-08-20 18:17:06,Vidéo,Sad,0.49
2025-08-20 18:17:06,Vidéo,Sad,0.38
2025-08-20 18:17:06,Vidéo,Sad,0.43
2025-08-20 18:17:07,Vidéo,Sad,0.48
2025-08-20 18:17:07,Vidéo,Sad,0.42
2025-08-20 18:17:08,Vidéo,Sad,0.42
2025-08-20 18:17:08,Vidéo,Sad,0.42
2025-08-20 18:17:08,Vidéo,Sad,0.39
2025-08-20 18:17:09,Vidéo,Sad,0.39
2025-08-20 18:17:09,Vidéo,Surprise,0.36
2025-08-20 18:17:09,Vidéo,Sad,0.39
2025-08-20 18:17:09,Vidéo,Sad,0.40
2025-08-20 18:17:09,Vidéo,Surprise,0.37
2025-08-20 18:17:10,Vidéo,Surprise,0.36
2025-08-20 18:17:10,Vidéo,Sad,0.45
2025-08-20 18:17:10,Vidéo,Sad,0.39
2025-08-20 18:17:11,Vidéo,Surprise,0.35
2025-08-20 18:17:11,Vidéo,Sad,0.47
2025-08-20 18:17:11,Vidéo,Sad,0.56
2025-08-20 18:17:11,Vidéo,Surprise,0.33
2025-08-20 18:17:11,Vidéo,Sad,0.36
2025-08-20 18:17:12,Vidéo,Sad,0.32
2025-08-20 18:17:12,Vidéo,Neutral,0.51
2025-08-20 18:17:13,Vidéo,Surprise,0.31
2025-08-20 18:17:13,Vidéo,Neutral,0.63
2025-08-20 18:17:13,Vidéo,Neutral,0.50
2025-08-20 18:17:13,Vidéo,Surprise,0.31
2025-08-20 18:17:14,Vidéo,Neutral,0.47
2025-08-20 18:17:14,Vidéo,Surprise,0.35
2025-08-20 18:17:14,Vidéo,Neutral,0.48
2025-08-20 18:17:14,Vidéo,Neutral,0.38
2025-08-20 18:17:14,Vidéo,Surprise,0.33
2025-08-20 18:17:15,Vidéo,Fear,0.37
2025-08-20 18:17:15,Vidéo,Neutral,0.49
2025-08-20 18:17:15,Vidéo,Surprise,0.31
2025-08-20 18:17:15,Vidéo,Neutral,0.59
2025-08-20 18:17:16,Vidéo,Fear,0.36
2025-08-20 18:17:16,Vidéo,Neutral,0.69
2025-08-20 18:17:16,Vidéo,Happy,0.47
2025-08-20 18:17:16,Vidéo,Fear,0.32
2025-08-20 18:17:16,Vidéo,Neutral,0.57
2025-08-20 18:17:17,Vidéo,Fear,0.37
2025-08-20 18:17:17,Vidéo,Neutral,0.71
2025-08-20 18:17:17,Vidéo,Fear,0.35
2025-08-20 18:17:17,Vidéo,Neutral,0.82
2025-08-20 18:17:18,Vidéo,Fear,0.36
2025-08-20 18:17:18,Vidéo,Neutral,0.72
2025-08-20 18:17:18,Vidéo,Fear,0.35
2025-08-20 18:17:18,Vidéo,Neutral,0.73
2025-08-20 18:17:18,Vidéo,Surprise,0.32
2025-08-20 18:17:18,Vidéo,Neutral,0.72
2025-08-20 18:17:19,Vidéo,Neutral,0.73
2025-08-20 18:17:19,Vidéo,Neutral,0.92
2025-08-20 18:17:19,Vidéo,Neutral,0.27
2025-08-20 18:17:20,Vidéo,Neutral,0.91
2025-08-20 18:17:20,Vidéo,Neutral,0.72
2025-08-20 18:17:20,Vidéo,Neutral,0.56
2025-08-20 18:17:21,Vidéo,Neutral,0.71
2025-08-20 18:23:01,Vidéo,Neutral,0.40
2025-08-20 18:23:01,Vidéo,Neutral,0.43
2025-08-20 18:23:01,Vidéo,Surprise,0.34
2025-08-20 18:23:01,Vidéo,Neutral,0.47
2025-08-20 18:23:02,Vidéo,Neutral,0.37
2025-08-20 18:23:02,Vidéo,Neutral,0.48
2025-08-20 18:23:03,Vidéo,Sad,0.44
2025-08-20 18:23:03,Vidéo,Sad,0.43
2025-08-20 18:23:03,Vidéo,Neutral,0.35
2025-08-20 18:23:03,Vidéo,Surprise,0.34
2025-08-20 18:23:04,Vidéo,Happy,0.37
2025-08-20 18:23:04,Vidéo,Neutral,0.42
2025-08-20 18:23:04,Vidéo,Neutral,0.39
2025-08-20 18:23:05,Vidéo,Neutral,0.35
2025-08-20 18:23:05,Vidéo,Neutral,0.47
2025-08-20 18:23:05,Vidéo,Neutral,0.49
2025-08-20 18:23:06,Vidéo,Neutral,0.57
2025-08-20 18:23:06,Vidéo,Sad,0.32
2025-08-20 18:23:06,Vidéo,Neutral,0.35
2025-08-20 18:23:07,Vidéo,Sad,0.50
2025-08-20 18:23:07,Vidéo,Neutral,0.40
2025-08-20 18:23:08,Vidéo,Neutral,0.39
2025-08-20 18:23:08,Vidéo,Sad,0.39
2025-08-20 18:23:08,Vidéo,Surprise,0.34
2025-08-20 18:23:09,Vidéo,Sad,0.44
2025-08-20 18:23:09,Vidéo,Sad,0.44
2025-08-20 18:23:09,Vidéo,Neutral,0.33
2025-08-20 18:23:10,Vidéo,Sad,0.40
2025-08-20 18:23:10,Vidéo,Neutral,0.40
2025-08-20 18:23:11,Vidéo,Sad,0.32
2025-08-20 18:23:11,Vidéo,Sad,0.42
2025-08-20 18:23:11,Vidéo,Neutral,0.44
2025-08-20 18:23:12,Vidéo,Neutral,0.47
2025-08-20 18:23:12,Vidéo,Sad,0.35
2025-08-20 18:23:13,Vidéo,Neutral,0.51
2025-08-20 18:23:13,Vidéo,Sad,0.50
2025-08-20 18:23:14,Vidéo,Sad,0.49
2025-08-20 18:23:14,Vidéo,Neutral,0.41
2025-08-20 18:23:14,Vidéo,Sad,0.37
2025-08-20 18:23:15,Vidéo,Sad,0.31
2025-08-20 18:23:15,Vidéo,Sad,0.40
2025-08-20 18:23:16,Vidéo,Sad,0.36
2025-08-20 18:23:16,Vidéo,Neutral,0.47
2025-08-20 18:23:17,Vidéo,Sad,0.48
2025-08-20 18:23:17,Vidéo,Sad,0.54
2025-08-20 18:23:17,Vidéo,Sad,0.43
2025-08-20 18:23:18,Vidéo,Sad,0.47
2025-08-20 18:23:18,Vidéo,Sad,0.45
2025-08-20 18:23:19,Vidéo,Neutral,0.49
2025-08-20 18:23:19,Vidéo,Neutral,0.44
2025-08-20 18:23:19,Vidéo,Neutral,0.44
2025-08-20 18:23:20,Vidéo,Neutral,0.41
2025-08-20 18:23:20,Vidéo,Sad,0.43
2025-08-20 18:23:21,Vidéo,Sad,0.56
2025-08-20 18:23:21,Vidéo,Surprise,0.32
2025-08-20 18:23:21,Vidéo,Sad,0.46
2025-08-20 18:23:22,Vidéo,Sad,0.47
2025-08-20 18:23:22,Vidéo,Neutral,0.56
2025-08-20 18:23:23,Vidéo,Neutral,0.65
2025-08-20 18:23:23,Vidéo,Neutral,0.61
2025-08-20 18:23:24,Vidéo,Neutral,0.68
2025-08-20 18:23:24,Vidéo,Neutral,0.83
2025-08-20 18:23:24,Vidéo,Neutral,0.70
2025-08-20 18:23:25,Vidéo,Neutral,0.69
2025-08-20 18:23:25,Vidéo,Neutral,0.72
2025-08-20 18:23:26,Vidéo,Neutral,0.71
2025-08-20 18:23:26,Vidéo,Neutral,0.58
2025-08-20 18:23:27,Vidéo,Fear,0.26
2025-08-20 18:23:27,Vidéo,Neutral,0.72
2025-08-20 18:23:27,Vidéo,Neutral,0.67
2025-08-20 18:23:27,Vidéo,Neutral,0.47
2025-08-20 18:23:28,Vidéo,Neutral,0.74
2025-08-20 18:23:28,Vidéo,Neutral,0.70
2025-08-20 18:23:29,Vidéo,Neutral,0.75
2025-08-20 18:23:29,Vidéo,Neutral,0.71
2025-08-20 18:23:30,Vidéo,Neutral,0.77
2025-08-20 18:23:30,Vidéo,Neutral,0.64
2025-08-20 18:23:31,Vidéo,Neutral,0.48
2025-08-20 18:23:31,Vidéo,Neutral,0.54
2025-08-20 18:23:31,Vidéo,Neutral,0.50
2025-08-20 18:23:32,Vidéo,Neutral,0.47
2025-08-20 18:23:32,Vidéo,Neutral,0.40
2025-08-20 18:23:33,Vidéo,Neutral,0.40
2025-08-20 18:23:33,Vidéo,Neutral,0.41
2025-08-20 18:23:33,Vidéo,Sad,0.31
2025-08-20 18:23:33,Vidéo,Surprise,0.35
2025-08-20 18:23:34,Vidéo,Neutral,0.42
2025-08-20 18:23:34,Vidéo,Surprise,0.35
2025-08-20 18:23:34,Vidéo,Sad,0.37
2025-08-20 18:23:34,Vidéo,Fear,0.27
2025-08-20 18:23:35,Vidéo,Neutral,0.50
2025-08-20 18:23:35,Vidéo,Neutral,0.50
2025-08-20 18:23:35,Vidéo,Fear,0.35
2025-08-20 18:23:36,Vidéo,Neutral,0.70
2025-08-20 18:23:36,Vidéo,Neutral,0.58
2025-08-20 18:23:37,Vidéo,Sad,0.46
2025-08-20 18:23:37,Vidéo,Neutral,0.41
2025-08-20 18:23:38,Vidéo,Neutral,0.49
2025-08-20 18:23:38,Vidéo,Sad,0.40
2025-08-20 18:23:38,Vidéo,Sad,0.36
2025-08-20 18:23:38,Vidéo,Surprise,0.29
2025-08-20 18:23:39,Vidéo,Sad,0.42
2025-08-20 18:23:39,Vidéo,Sad,0.47
2025-08-20 18:23:39,Vidéo,Sad,0.68
2025-08-20 18:23:40,Vidéo,Sad,0.38
2025-08-20 18:23:40,Vidéo,Happy,0.53
2025-08-20 18:23:40,Vidéo,Sad,0.37
2025-08-20 18:23:41,Vidéo,Sad,0.49
2025-08-20 18:23:41,Vidéo,Sad,0.36
2025-08-20 18:23:41,Vidéo,Neutral,0.26
2025-08-20 18:23:41,Vidéo,Neutral,0.37
2025-08-20 18:23:41,Vidéo,Surprise,0.29
2025-08-20 18:23:42,Vidéo,Neutral,0.47
2025-08-20 18:23:42,Vidéo,Neutral,0.37
2025-08-20 18:23:43,Vidéo,Neutral,0.41
2025-08-20 18:23:43,Vidéo,Surprise,0.30
2025-08-20 18:23:43,Vidéo,Sad,0.40
2025-08-20 18:23:44,Vidéo,Neutral,0.42
2025-08-20 18:23:44,Vidéo,Sad,0.36
2025-08-20 18:23:44,Vidéo,Sad,0.42
2025-08-20 18:23:45,Vidéo,Neutral,0.41
2025-08-20 18:23:45,Vidéo,Neutral,0.44
2025-08-20 18:23:46,Vidéo,Sad,0.51
2025-08-20 18:23:46,Vidéo,Sad,0.49
2025-08-20 18:23:46,Vidéo,Neutral,0.44
2025-08-20 18:23:47,Vidéo,Neutral,0.61
2025-08-20 18:23:47,Vidéo,Sad,0.41
2025-08-20 18:23:48,Vidéo,Neutral,0.44
2025-08-20 18:23:48,Vidéo,Neutral,0.41
2025-08-20 18:23:48,Vidéo,Neutral,0.39
2025-08-20 18:23:49,Vidéo,Neutral,0.32
2025-08-20 18:23:49,Vidéo,Sad,0.39
2025-08-20 18:23:50,Vidéo,Neutral,0.41
2025-08-20 18:23:50,Vidéo,Neutral,0.42
2025-08-20 18:23:50,Vidéo,Neutral,0.58
2025-08-20 18:23:51,Vidéo,Neutral,0.47
2025-08-20 18:23:51,Vidéo,Neutral,0.34
2025-08-20 18:23:52,Vidéo,Neutral,0.40
2025-08-20 18:23:52,Vidéo,Neutral,0.44
2025-08-20 18:23:52,Vidéo,Neutral,0.51
2025-08-20 18:23:53,Vidéo,Neutral,0.34
2025-08-20 18:23:53,Vidéo,Surprise,0.32
2025-08-20 18:23:53,Vidéo,Sad,0.35
2025-08-20 18:23:54,Vidéo,Neutral,0.53
2025-08-20 18:23:54,Vidéo,Neutral,0.46
2025-08-20 18:23:55,Vidéo,Sad,0.36
2025-08-20 18:23:55,Vidéo,Neutral,0.47
2025-08-20 18:23:55,Vidéo,Neutral,0.30
2025-08-20 18:23:55,Vidéo,Surprise,0.34
2025-08-20 18:23:55,Vidéo,Neutral,0.39
2025-08-20 18:23:56,Vidéo,Surprise,0.30
2025-08-20 18:23:56,Vidéo,Neutral,0.38
2025-08-20 18:23:56,Vidéo,Neutral,0.41
2025-08-20 18:23:57,Vidéo,Surprise,0.31
2025-08-20 18:23:57,Vidéo,Neutral,0.29
2025-08-20 18:23:57,Vidéo,Neutral,0.30
2025-08-20 18:23:57,Vidéo,Neutral,0.28
2025-08-20 18:23:58,Vidéo,Sad,0.30
2025-08-20 18:23:58,Vidéo,Neutral,0.31
2025-08-20 18:23:58,Vidéo,Neutral,0.42
2025-08-20 18:23:58,Vidéo,Fear,0.30
2025-08-20 18:23:59,Vidéo,Sad,0.29
2025-08-20 18:23:59,Vidéo,Sad,0.35
2025-08-20 18:23:59,Vidéo,Surprise,0.30
2025-08-20 18:23:59,Vidéo,Fear,0.29
2025-08-20 18:24:00,Vidéo,Neutral,0.35
2025-08-20 18:24:00,Vidéo,Surprise,0.36
2025-08-20 18:24:00,Vidéo,Sad,0.35
2025-08-20 18:24:01,Vidéo,Surprise,0.34
2025-08-20 18:24:01,Vidéo,Sad,0.31
2025-08-20 18:24:01,Vidéo,Fear,0.31
2025-08-20 18:24:01,Vidéo,Sad,0.38
2025-08-20 18:24:02,Vidéo,Sad,0.42
2025-08-20 18:24:02,Vidéo,Surprise,0.31
2025-08-20 18:24:02,Vidéo,Sad,0.43
2025-08-20 18:24:02,Vidéo,Sad,0.36
2025-08-20 18:24:03,Vidéo,Surprise,0.33
2025-08-20 18:24:03,Vidéo,Sad,0.44
2025-08-20 18:24:03,Vidéo,Surprise,0.34
2025-08-20 18:24:03,Vidéo,Sad,0.32
2025-08-20 18:24:04,Vidéo,Sad,0.41
2025-08-20 18:24:04,Vidéo,Surprise,0.31
2025-08-20 18:24:04,Vidéo,Sad,0.28
2025-08-20 18:24:05,Vidéo,Sad,0.40
2025-08-20 18:24:05,Vidéo,Surprise,0.32
2025-08-20 18:24:05,Vidéo,Sad,0.38
2025-08-20 18:24:06,Vidéo,Neutral,0.32
2025-08-20 18:24:06,Vidéo,Sad,0.32
2025-08-20 18:24:06,Vidéo,Surprise,0.31
2025-08-20 18:24:06,Vidéo,Sad,0.33
2025-08-20 18:24:06,Vidéo,Surprise,0.33
2025-08-20 18:24:06,Vidéo,Sad,0.36
2025-08-20 18:24:07,Vidéo,Surprise,0.34
2025-08-20 18:24:07,Vidéo,Sad,0.25
2025-08-20 18:24:07,Vidéo,Surprise,0.34
2025-08-20 18:24:07,Vidéo,Sad,0.42
2025-08-20 18:24:08,Vidéo,Neutral,0.34
2025-08-20 18:24:08,Vidéo,Surprise,0.33
2025-08-20 18:24:08,Vidéo,Sad,0.35
2025-08-20 18:24:09,Vidéo,Surprise,0.35
2025-08-20 18:24:09,Vidéo,Sad,0.49
2025-08-20 18:24:09,Vidéo,Sad,0.38
2025-08-20 18:24:10,Vidéo,Sad,0.43
2025-08-20 18:24:10,Vidéo,Sad,0.48
2025-08-20 18:24:10,Vidéo,Sad,0.42
2025-08-20 18:24:11,Vidéo,Sad,0.42
2025-08-20 18:24:11,Vidéo,Sad,0.42
2025-08-20 18:24:12,Vidéo,Sad,0.39
2025-08-20 18:24:12,Vidéo,Sad,0.39
2025-08-20 18:24:12,Vidéo,Surprise,0.36
2025-08-20 18:24:13,Vidéo,Sad,0.39
2025-08-20 18:24:13,Vidéo,Surprise,0.37
2025-08-20 18:24:13,Vidéo,Sad,0.40
2025-08-20 18:24:13,Vidéo,Surprise,0.36
2025-08-20 18:24:13,Vidéo,Sad,0.45
2025-08-20 18:24:14,Vidéo,Sad,0.39
2025-08-20 18:24:14,Vidéo,Surprise,0.35
2025-08-20 18:24:14,Vidéo,Sad,0.47
2025-08-20 18:24:15,Vidéo,Sad,0.56
2025-08-20 18:24:15,Vidéo,Surprise,0.33
2025-08-20 18:24:15,Vidéo,Sad,0.36
2025-08-20 18:24:16,Vidéo,Sad,0.32
2025-08-20 18:24:16,Vidéo,Neutral,0.51
2025-08-20 18:24:17,Vidéo,Surprise,0.31
2025-08-20 18:24:17,Vidéo,Neutral,0.63
2025-08-20 18:24:17,Vidéo,Neutral,0.50
2025-08-20 18:24:17,Vidéo,Surprise,0.31
2025-08-20 18:24:17,Vidéo,Neutral,0.47
2025-08-20 18:24:18,Vidéo,Surprise,0.35
2025-08-20 18:24:18,Vidéo,Neutral,0.48
2025-08-20 18:24:18,Vidéo,Neutral,0.38
2025-08-20 18:24:18,Vidéo,Surprise,0.33
2025-08-20 18:24:19,Vidéo,Fear,0.37
2025-08-20 18:24:19,Vidéo,Neutral,0.49
2025-08-20 18:24:19,Vidéo,Surprise,0.31
2025-08-20 18:24:19,Vidéo,Neutral,0.59
2025-08-20 18:24:20,Vidéo,Fear,0.36
2025-08-20 18:24:20,Vidéo,Neutral,0.69
2025-08-20 18:24:20,Vidéo,Happy,0.47
2025-08-20 18:24:20,Vidéo,Fear,0.32
2025-08-20 18:24:20,Vidéo,Neutral,0.57
2025-08-20 18:24:21,Vidéo,Fear,0.37
2025-08-20 18:24:21,Vidéo,Neutral,0.71
2025-08-20 18:24:21,Vidéo,Fear,0.35
2025-08-20 18:24:21,Vidéo,Neutral,0.82
2025-08-20 18:24:22,Vidéo,Fear,0.36
2025-08-20 18:24:22,Vidéo,Neutral,0.72
2025-08-20 18:24:22,Vidéo,Fear,0.35
2025-08-20 18:24:22,Vidéo,Neutral,0.73
2025-08-20 18:24:22,Vidéo,Surprise,0.32
2025-08-20 18:24:23,Vidéo,Neutral,0.72
2025-08-20 18:24:23,Vidéo,Neutral,0.73
2025-08-20 18:24:23,Vidéo,Neutral,0.92
2025-08-20 18:24:23,Vidéo,Neutral,0.27
2025-08-20 18:24:24,Vidéo,Neutral,0.91
2025-08-20 18:24:24,Vidéo,Neutral,0.72
2025-08-20 18:24:25,Vidéo,Neutral,0.56
2025-08-20 18:24:25,Vidéo,Neutral,0.71
2025-08-20 18:24:26,Vidéo,Neutral,0.77
2025-08-20 18:24:26,Vidéo,Neutral,0.74
2025-08-20 18:24:27,Vidéo,Neutral,0.84
2025-08-20 18:24:27,Vidéo,Neutral,0.80
2025-08-20 18:24:27,Vidéo,Neutral,0.78
2025-08-20 18:24:28,Vidéo,Neutral,0.62
2025-08-20 18:24:28,Vidéo,Neutral,0.75
2025-08-20 18:24:29,Vidéo,Neutral,0.63
2025-08-20 18:24:29,Vidéo,Neutral,0.73
2025-08-20 18:24:29,Vidéo,Neutral,0.70
2025-08-20 18:24:30,Vidéo,Neutral,0.69
2025-08-20 18:24:30,Vidéo,Neutral,0.67
2025-08-20 18:24:31,Vidéo,Neutral,0.67
2025-08-20 18:24:31,Vidéo,Neutral,0.75
2025-08-20 18:24:32,Vidéo,Neutral,0.58
2025-08-20 18:24:32,Vidéo,Neutral,0.63
2025-08-20 18:24:32,Vidéo,Neutral,0.60
2025-08-20 18:24:33,Vidéo,Neutral,0.49
2025-08-20 18:24:33,Vidéo,Neutral,0.63
2025-08-20 18:24:34,Vidéo,Neutral,0.60
2025-08-20 18:24:34,Vidéo,Neutral,0.61
2025-08-20 18:24:35,Vidéo,Neutral,0.60
2025-08-20 18:24:35,Vidéo,Neutral,0.65
2025-08-20 18:24:35,Vidéo,Neutral,0.65
2025-08-20 18:24:36,Vidéo,Neutral,0.62
2025-08-20 18:24:36,Vidéo,Neutral,0.69
2025-08-20 18:24:37,Vidéo,Neutral,0.66
2025-08-20 18:24:37,Vidéo,Neutral,0.68
2025-08-20 18:24:38,Vidéo,Neutral,0.62
2025-08-20 18:24:38,Vidéo,Neutral,0.59
2025-08-20 18:24:38,Vidéo,Neutral,0.54
2025-08-20 18:24:39,Vidéo,Neutral,0.68
2025-08-20 18:24:39,Vidéo,Neutral,0.44
2025-08-20 18:24:39,Vidéo,Surprise,0.34
2025-08-20 18:24:40,Vidéo,Neutral,0.57
2025-08-20 18:24:40,Vidéo,Happy,0.55
2025-08-20 18:24:41,Vidéo,Happy,0.62
2025-08-20 18:24:41,Vidéo,Happy,0.76
2025-08-20 18:24:41,Vidéo,Happy,0.49
2025-08-20 18:24:42,Vidéo,Neutral,0.60
2025-08-20 18:24:42,Vidéo,Neutral,0.73
2025-08-20 18:24:43,Vidéo,Neutral,0.76
2025-08-20 18:24:43,Vidéo,Neutral,0.81
2025-08-20 18:24:43,Vidéo,Neutral,0.71
2025-08-20 18:24:44,Vidéo,Neutral,0.61
2025-08-20 18:24:44,Vidéo,Neutral,0.71
2025-08-20 18:24:45,Vidéo,Neutral,0.76
2025-08-20 18:24:45,Vidéo,Neutral,0.75
2025-08-20 18:24:45,Vidéo,Neutral,0.86
2025-08-20 18:24:46,Vidéo,Neutral,0.75
2025-08-20 18:24:46,Vidéo,Neutral,0.81
2025-08-20 18:24:47,Vidéo,Neutral,0.80
2025-08-20 18:24:47,Vidéo,Neutral,0.83
2025-08-20 18:24:47,Vidéo,Neutral,0.82
2025-08-20 18:24:48,Vidéo,Neutral,0.77
2025-08-20 18:24:48,Vidéo,Neutral,0.81
2025-08-20 18:24:49,Vidéo,Neutral,0.81
2025-08-20 18:24:49,Vidéo,Neutral,0.76
2025-08-20 18:24:49,Vidéo,Neutral,0.71
2025-08-20 18:24:50,Vidéo,Neutral,0.63
2025-08-20 18:24:50,Vidéo,Neutral,0.72
2025-08-20 18:24:51,Vidéo,Neutral,0.78
2025-08-20 18:24:51,Vidéo,Neutral,0.81
2025-08-20 18:24:52,Vidéo,Neutral,0.68
2025-08-20 18:24:52,Vidéo,Neutral,0.70
2025-08-20 18:24:52,Vidéo,Neutral,0.73
2025-08-20 18:24:53,Vidéo,Neutral,0.69
2025-08-20 18:24:53,Vidéo,Neutral,0.71
2025-08-20 18:24:54,Vidéo,Neutral,0.78
2025-08-20 18:24:54,Vidéo,Neutral,0.70
2025-08-20 18:24:54,Vidéo,Neutral,0.64
2025-08-20 18:24:55,Vidéo,Neutral,0.73
2025-08-20 18:24:55,Vidéo,Neutral,0.75
2025-08-20 18:24:56,Vidéo,Neutral,0.73
2025-08-20 18:24:56,Vidéo,Neutral,0.66
2025-08-20 18:24:56,Vidéo,Neutral,0.56
2025-08-20 18:24:57,Vidéo,Neutral,0.50
2025-08-20 18:24:57,Vidéo,Neutral,0.59
2025-08-20 18:24:58,Vidéo,Neutral,0.50
2025-08-20 18:24:58,Vidéo,Neutral,0.51
2025-08-20 18:24:59,Vidéo,Neutral,0.51
2025-08-20 18:25:01,Vidéo,Neutral,0.54
2025-08-20 18:25:01,Vidéo,Neutral,0.66
2025-08-20 18:25:01,Vidéo,Neutral,0.36
2025-08-20 18:25:02,Vidéo,Neutral,0.57
2025-08-20 18:25:02,Vidéo,Neutral,0.68
2025-08-20 18:25:03,Vidéo,Neutral,0.58
2025-08-20 18:25:03,Vidéo,Neutral,0.48
2025-08-20 18:25:03,Vidéo,Neutral,0.33
2025-08-20 18:25:04,Vidéo,Happy,0.46
2025-08-20 18:25:04,Vidéo,Neutral,0.58
2025-08-20 18:25:05,Vidéo,Neutral,0.51
2025-08-20 18:25:05,Vidéo,Neutral,0.55
2025-08-20 18:25:05,Vidéo,Happy,0.60
2025-08-20 18:25:06,Vidéo,Happy,0.46
2025-08-20 18:25:06,Vidéo,Neutral,0.50
2025-08-20 18:25:07,Vidéo,Neutral,0.59
2025-08-20 18:25:07,Vidéo,Neutral,0.31
2025-08-20 18:25:07,Vidéo,Neutral,0.70
2025-08-20 18:25:08,Vidéo,Neutral,0.47
2025-08-20 18:25:08,Vidéo,Neutral,0.65
2025-08-20 18:25:09,Vidéo,Neutral,0.57
2025-08-20 18:25:09,Vidéo,Neutral,0.59
2025-08-20 18:25:10,Vidéo,Neutral,0.59
2025-08-20 18:25:10,Vidéo,Neutral,0.55
2025-08-20 18:25:10,Vidéo,Neutral,0.71
2025-08-20 18:25:11,Vidéo,Neutral,0.77
2025-08-20 18:25:11,Vidéo,Neutral,0.61
2025-08-20 18:25:12,Vidéo,Neutral,0.76
2025-08-20 18:25:12,Vidéo,Neutral,0.59
2025-08-20 18:25:13,Vidéo,Neutral,0.60
2025-08-20 18:25:13,Vidéo,Neutral,0.44
2025-08-20 18:25:13,Vidéo,Neutral,0.55
2025-08-20 18:25:13,Vidéo,Neutral,0.39
2025-08-20 18:25:14,Vidéo,Neutral,0.64
2025-08-20 18:25:14,Vidéo,Neutral,0.65
2025-08-20 18:25:14,Vidéo,Neutral,0.78
2025-08-20 18:25:15,Vidéo,Neutral,0.65
2025-08-20 18:25:15,Vidéo,Neutral,0.53
2025-08-20 18:25:16,Vidéo,Neutral,0.54
2025-08-20 18:25:16,Vidéo,Neutral,0.62
2025-08-20 18:25:16,Vidéo,Neutral,0.66
2025-08-20 18:25:17,Vidéo,Neutral,0.61
2025-08-20 18:25:17,Vidéo,Happy,0.55
2025-08-20 18:25:18,Vidéo,Happy,0.67
2025-08-20 18:25:18,Vidéo,Happy,0.97
2025-08-20 18:25:18,Vidéo,Happy,0.90
2025-08-20 18:25:19,Vidéo,Happy,0.97
2025-08-20 18:25:19,Vidéo,Happy,0.99
2025-08-20 18:25:20,Vidéo,Happy,0.99
2025-08-20 18:25:20,Vidéo,Happy,0.97
2025-08-20 18:25:21,Vidéo,Happy,0.85
2025-08-20 18:25:21,Vidéo,Happy,0.88
2025-08-20 18:25:22,Vidéo,Happy,0.93
2025-08-20 18:25:22,Vidéo,Happy,0.92
2025-08-20 18:25:23,Vidéo,Happy,0.92
2025-08-20 18:25:23,Vidéo,Happy,0.98
2025-08-20 18:25:23,Vidéo,Happy,0.98
2025-08-20 18:25:24,Vidéo,Happy,0.97
2025-08-20 18:25:24,Vidéo,Happy,0.95
2025-08-20 18:25:25,Vidéo,Happy,0.99
2025-08-20 18:25:25,Vidéo,Happy,0.99
2025-08-20 18:25:26,Vidéo,Happy,0.95
2025-08-20 18:25:26,Vidéo,Happy,0.99
2025-08-20 18:25:27,Vidéo,Happy,1.00
2025-08-20 18:25:27,Vidéo,Happy,0.98
2025-08-20 18:25:27,Vidéo,Happy,1.00
2025-08-20 18:25:28,Vidéo,Happy,0.99
2025-08-20 18:25:28,Vidéo,Happy,0.99
2025-08-20 18:25:29,Vidéo,Happy,0.99
2025-08-20 18:25:29,Vidéo,Happy,0.98
2025-08-20 18:25:29,Vidéo,Neutral,0.32
2025-08-20 18:25:30,Vidéo,Happy,0.99
2025-08-20 18:25:30,Vidéo,Happy,0.99
2025-08-20 18:25:31,Vidéo,Happy,1.00
2025-08-20 18:25:31,Vidéo,Happy,1.00
2025-08-20 18:25:32,Vidéo,Happy,0.99
2025-08-20 18:25:32,Vidéo,Happy,1.00
2025-08-20 18:25:33,Vidéo,Happy,0.99
2025-08-20 18:25:33,Vidéo,Happy,0.99
2025-08-20 18:25:34,Vidéo,Happy,0.99
2025-08-20 18:25:34,Vidéo,Happy,0.99
2025-08-20 18:25:34,Vidéo,Happy,0.99
2025-08-20 18:25:35,Vidéo,Happy,0.98
2025-08-20 18:25:35,Vidéo,Happy,1.00
2025-08-20 18:25:36,Vidéo,Happy,0.97
2025-08-20 18:25:36,Vidéo,Happy,0.99
2025-08-20 18:25:37,Vidéo,Happy,1.00
2025-08-20 18:25:37,Vidéo,Happy,1.00
2025-08-20 18:25:37,Vidéo,Happy,0.92
2025-08-20 18:25:38,Vidéo,Neutral,0.54
2025-08-20 18:25:38,Vidéo,Neutral,0.76
2025-08-20 18:25:39,Vidéo,Neutral,0.74
2025-08-20 18:25:39,Vidéo,Neutral,0.76
2025-08-20 18:25:39,Vidéo,Neutral,0.84
2025-08-20 18:25:40,Vidéo,Neutral,0.84
2025-08-20 18:25:40,Vidéo,Neutral,0.78
2025-08-20 18:25:41,Vidéo,Neutral,0.80
2025-08-20 18:25:41,Vidéo,Neutral,0.72
2025-08-20 18:25:42,Vidéo,Neutral,0.76
2025-08-20 18:25:42,Vidéo,Neutral,0.76
2025-08-20 18:25:42,Vidéo,Neutral,0.61
2025-08-20 18:25:43,Vidéo,Neutral,0.62
2025-08-20 18:25:43,Vidéo,Neutral,0.65
2025-08-20 18:25:44,Vidéo,Neutral,0.73
2025-08-20 18:25:44,Vidéo,Neutral,0.74
2025-08-20 18:25:44,Vidéo,Neutral,0.54
2025-08-20 18:25:45,Vidéo,Neutral,0.57
2025-08-20 18:25:45,Vidéo,Neutral,0.58
2025-08-20 18:25:45,Vidéo,Sad,0.48
2025-08-20 18:25:46,Vidéo,Sad,0.36
2025-08-20 18:25:46,Vidéo,Neutral,0.40
2025-08-20 18:25:46,Vidéo,Happy,0.35
2025-08-20 18:25:46,Vidéo,Neutral,0.50
2025-08-20 18:25:47,Vidéo,Sad,0.58
2025-08-20 18:25:47,Vidéo,Neutral,0.39
2025-08-20 18:25:47,Vidéo,Happy,0.50
2025-08-20 18:25:48,Vidéo,Sad,0.54
2025-08-20 18:25:48,Vidéo,Neutral,0.28
2025-08-20 18:25:48,Vidéo,Neutral,0.38
2025-08-20 18:25:49,Vidéo,Sad,0.34
2025-08-20 18:25:49,Vidéo,Sad,0.38
2025-08-20 18:25:49,Vidéo,Sad,0.41
2025-08-20 18:25:50,Vidéo,Sad,0.41
2025-08-20 18:25:50,Vidéo,Sad,0.40
2025-08-20 18:25:51,Vidéo,Sad,0.36
2025-08-20 18:25:51,Vidéo,Sad,0.57
2025-08-20 18:25:51,Vidéo,Sad,0.44
2025-08-20 18:25:52,Vidéo,Sad,0.40
2025-08-20 18:25:52,Vidéo,Sad,0.54
2025-08-20 18:25:52,Vidéo,Neutral,0.37
2025-08-20 18:25:53,Vidéo,Neutral,0.52
2025-08-20 18:25:53,Vidéo,Neutral,0.48
2025-08-20 18:25:53,Vidéo,Neutral,0.56
2025-08-20 18:25:54,Vidéo,Happy,0.42
2025-08-20 18:25:54,Vidéo,Happy,0.66
2025-08-20 18:25:55,Vidéo,Happy,0.55
2025-08-20 18:25:55,Vidéo,Happy,0.50
2025-08-20 18:25:55,Vidéo,Happy,0.71
2025-08-20 18:25:56,Vidéo,Happy,0.56
2025-08-20 18:25:56,Vidéo,Neutral,0.45
2025-08-20 18:25:57,Vidéo,Happy,0.51
2025-08-20 18:25:57,Vidéo,Neutral,0.49
2025-08-20 18:25:58,Vidéo,Neutral,0.48
2025-08-20 18:25:58,Vidéo,Happy,0.45
2025-08-20 18:25:59,Vidéo,Happy,0.56
2025-08-20 18:25:59,Vidéo,Happy,0.85
2025-08-20 18:26:00,Vidéo,Happy,0.76
2025-08-20 18:26:00,Vidéo,Happy,0.69
2025-08-20 18:26:00,Vidéo,Happy,0.44
2025-08-20 18:26:01,Vidéo,Neutral,0.51
2025-08-20 18:26:01,Vidéo,Neutral,0.40
2025-08-20 18:26:02,Vidéo,Neutral,0.46
2025-08-20 18:26:02,Vidéo,Neutral,0.54
2025-08-20 18:26:02,Vidéo,Neutral,0.58
2025-08-20 18:26:03,Vidéo,Neutral,0.55
2025-08-20 18:26:03,Vidéo,Neutral,0.59
2025-08-20 18:26:04,Vidéo,Happy,0.57
2025-08-20 18:26:04,Vidéo,Happy,0.54
2025-08-20 18:26:04,Vidéo,Happy,0.55
2025-08-20 18:26:05,Vidéo,Happy,0.78
2025-08-20 18:26:05,Vidéo,Happy,0.70
2025-08-20 18:26:06,Vidéo,Neutral,0.48
2025-08-20 18:26:06,Vidéo,Neutral,0.66
2025-08-20 18:26:07,Vidéo,Happy,0.60
2025-08-20 18:26:07,Vidéo,Neutral,0.69
2025-08-20 18:26:07,Vidéo,Neutral,0.58
2025-08-20 18:26:08,Vidéo,Neutral,0.50
2025-08-20 18:26:08,Vidéo,Happy,0.51
2025-08-20 18:26:09,Vidéo,Happy,0.64
2025-08-20 18:26:09,Vidéo,Neutral,0.53
2025-08-20 18:26:09,Vidéo,Neutral,0.40
2025-08-20 18:26:10,Vidéo,Neutral,0.53
2025-08-20 18:26:10,Vidéo,Happy,0.56
2025-08-20 18:26:11,Vidéo,Neutral,0.43
2025-08-20 18:26:11,Vidéo,Happy,0.45
2025-08-20 18:26:11,Vidéo,Happy,0.45
2025-08-20 18:26:12,Vidéo,Happy,0.43
2025-08-20 18:26:12,Vidéo,Happy,0.64
2025-08-20 18:26:13,Vidéo,Happy,0.40
2025-08-20 18:26:13,Vidéo,Happy,0.79
2025-08-20 18:26:13,Vidéo,Happy,0.53
2025-08-20 18:26:14,Vidéo,Fear,0.28
2025-08-20 18:26:14,Vidéo,Happy,0.79
2025-08-20 18:26:14,Vidéo,Happy,0.47
2025-08-20 18:26:15,Vidéo,Happy,0.51
2025-08-20 18:26:15,Vidéo,Neutral,0.48
2025-08-20 18:26:16,Vidéo,Neutral,0.35
2025-08-20 18:26:16,Vidéo,Neutral,0.50
2025-08-20 18:26:16,Vidéo,Happy,0.64
2025-08-20 18:26:17,Vidéo,Neutral,0.40
2025-08-20 18:26:17,Vidéo,Happy,0.59
2025-08-20 18:26:17,Vidéo,Happy,0.41
2025-08-20 18:26:18,Vidéo,Happy,0.52
2025-08-20 18:26:18,Vidéo,Neutral,0.40
2025-08-20 18:26:19,Vidéo,Happy,0.63
2025-08-20 18:26:19,Vidéo,Happy,0.80
2025-08-20 18:26:20,Vidéo,Happy,0.66
2025-08-20 18:26:20,Vidéo,Happy,0.58
2025-08-20 18:26:21,Vidéo,Neutral,0.39
2025-08-20 18:26:22,Vidéo,Happy,0.39
2025-08-20 18:26:22,Vidéo,Happy,0.61
2025-08-20 18:26:22,Vidéo,Neutral,0.39
2025-08-20 18:26:23,Vidéo,Neutral,0.41
2025-08-20 18:26:23,Vidéo,Neutral,0.41
2025-08-20 18:26:24,Vidéo,Happy,0.47
2025-08-20 18:26:24,Vidéo,Happy,0.52
2025-08-20 18:26:25,Vidéo,Happy,0.49
2025-08-20 18:26:25,Vidéo,Neutral,0.54
2025-08-20 18:26:25,Vidéo,Neutral,0.41
2025-08-20 18:26:26,Vidéo,Happy,0.45
2025-08-20 18:26:27,Vidéo,Neutral,0.44
2025-08-20 18:26:27,Vidéo,Neutral,0.49
2025-08-20 18:26:28,Vidéo,Neutral,0.46
2025-08-20 18:26:28,Vidéo,Neutral,0.27
2025-08-20 18:26:29,Vidéo,Happy,0.48
2025-08-20 18:26:29,Vidéo,Neutral,0.38
2025-08-20 18:26:30,Vidéo,Happy,0.46
2025-08-20 18:26:30,Vidéo,Neutral,0.49
2025-08-20 18:26:30,Vidéo,Neutral,0.35
2025-08-20 18:26:31,Vidéo,Neutral,0.51
2025-08-20 18:26:31,Vidéo,Neutral,0.45
2025-08-20 18:26:32,Vidéo,Neutral,0.57
2025-08-20 18:26:32,Vidéo,Surprise,0.35
2025-08-20 18:26:32,Vidéo,Happy,0.48
2025-08-20 18:26:32,Vidéo,Neutral,0.34
2025-08-20 18:26:33,Vidéo,Neutral,0.34
2025-08-20 18:26:33,Vidéo,Neutral,0.40
2025-08-20 18:26:34,Vidéo,Neutral,0.46
2025-08-20 18:26:34,Vidéo,Neutral,0.62
2025-08-20 18:26:35,Vidéo,Happy,0.47
2025-08-20 18:26:35,Vidéo,Neutral,0.52
2025-08-20 18:26:35,Vidéo,Neutral,0.52
2025-08-20 18:26:36,Vidéo,Neutral,0.51
2025-08-20 18:26:36,Vidéo,Neutral,0.50
2025-08-20 18:26:36,Vidéo,Neutral,0.42
2025-08-20 18:26:37,Vidéo,Neutral,0.55
2025-08-20 18:26:37,Vidéo,Fear,0.36
2025-08-20 18:26:37,Vidéo,Neutral,0.50
2025-08-20 18:26:37,Vidéo,Surprise,0.31
2025-08-20 18:26:38,Vidéo,Neutral,0.38
2025-08-20 18:26:38,Vidéo,Neutral,0.45
2025-08-20 18:26:39,Vidéo,Neutral,0.69
2025-08-20 18:26:39,Vidéo,Neutral,0.60
2025-08-20 18:26:40,Vidéo,Neutral,0.54
2025-08-20 18:26:40,Vidéo,Neutral,0.57
2025-08-20 18:26:41,Vidéo,Neutral,0.57
2025-08-20 18:26:41,Vidéo,Neutral,0.68
2025-08-20 18:26:42,Vidéo,Neutral,0.52
2025-08-20 18:26:42,Vidéo,Neutral,0.65
2025-08-20 18:26:43,Vidéo,Neutral,0.78
2025-08-20 18:26:43,Vidéo,Neutral,0.51
2025-08-20 18:26:43,Vidéo,Neutral,0.57
2025-08-20 18:26:44,Vidéo,Neutral,0.60
2025-08-20 18:26:44,Vidéo,Neutral,0.48
2025-08-20 18:26:45,Vidéo,Neutral,0.48
2025-08-20 18:26:45,Vidéo,Surprise,0.52
2025-08-20 18:26:45,Vidéo,Happy,0.74
2025-08-20 18:26:45,Vidéo,Neutral,0.54
2025-08-20 18:26:46,Vidéo,Happy,0.43
2025-08-20 18:26:46,Vidéo,Neutral,0.57
2025-08-20 18:26:46,Vidéo,Angry,0.49
2025-08-20 18:26:46,Vidéo,Neutral,0.59
2025-08-20 18:26:47,Vidéo,Neutral,0.48
2025-08-20 18:26:47,Vidéo,Neutral,0.37
2025-08-20 18:26:48,Vidéo,Neutral,0.54
2025-08-20 18:26:48,Vidéo,Neutral,0.41
2025-08-20 18:26:49,Vidéo,Neutral,0.51
2025-08-20 18:26:49,Vidéo,Neutral,0.59
2025-08-20 18:26:50,Vidéo,Neutral,0.62
2025-08-20 18:26:50,Vidéo,Neutral,0.52
2025-08-20 18:26:51,Vidéo,Neutral,0.58
2025-08-20 18:26:51,Vidéo,Neutral,0.56
2025-08-20 18:26:52,Vidéo,Neutral,0.61
2025-08-20 18:26:52,Vidéo,Neutral,0.60
2025-08-20 18:26:53,Vidéo,Neutral,0.64
2025-08-20 18:26:53,Vidéo,Neutral,0.58
2025-08-20 18:26:54,Vidéo,Neutral,0.55
2025-08-20 18:26:54,Vidéo,Neutral,0.59
2025-08-20 18:26:55,Vidéo,Neutral,0.65
2025-08-20 18:26:55,Vidéo,Neutral,0.59
2025-08-20 18:26:56,Vidéo,Neutral,0.67
2025-08-20 18:26:56,Vidéo,Neutral,0.58
2025-08-20 18:26:57,Vidéo,Neutral,0.64
2025-08-20 18:26:57,Vidéo,Neutral,0.65
2025-08-20 18:26:57,Vidéo,Neutral,0.51
2025-08-20 18:26:58,Vidéo,Neutral,0.44
2025-08-20 18:26:58,Vidéo,Happy,0.49
2025-08-20 18:26:58,Vidéo,Neutral,0.46
2025-08-20 18:26:59,Vidéo,Neutral,0.68
2025-08-20 18:26:59,Vidéo,Neutral,0.63
2025-08-20 18:27:00,Vidéo,Neutral,0.59
2025-08-20 18:27:00,Vidéo,Neutral,0.62
2025-08-20 18:27:01,Vidéo,Neutral,0.64
2025-08-20 18:27:01,Vidéo,Surprise,0.37
2025-08-20 18:27:01,Vidéo,Neutral,0.47
2025-08-20 18:27:02,Vidéo,Neutral,0.60
2025-08-20 18:27:02,Vidéo,Neutral,0.69
2025-08-20 18:27:03,Vidéo,Neutral,0.60
2025-08-20 18:27:03,Vidéo,Neutral,0.49
2025-08-20 18:27:03,Vidéo,Neutral,0.66
2025-08-20 18:27:04,Vidéo,Neutral,0.55
2025-08-20 18:27:04,Vidéo,Neutral,0.55
2025-08-20 18:27:05,Vidéo,Neutral,0.53
2025-08-20 18:27:05,Vidéo,Neutral,0.71
2025-08-20 18:27:06,Vidéo,Neutral,0.57
2025-08-20 18:27:06,Vidéo,Neutral,0.54
2025-08-20 18:27:07,Vidéo,Neutral,0.66
2025-08-20 18:27:07,Vidéo,Neutral,0.63
2025-08-20 18:27:08,Vidéo,Neutral,0.72
2025-08-20 18:27:08,Vidéo,Neutral,0.44
2025-08-20 18:27:09,Vidéo,Neutral,0.57
2025-08-20 18:27:09,Vidéo,Neutral,0.77
2025-08-20 18:27:09,Vidéo,Neutral,0.55
2025-08-20 18:27:10,Vidéo,Neutral,0.62
2025-08-20 18:27:10,Vidéo,Neutral,0.60
2025-08-20 18:27:11,Vidéo,Neutral,0.48
2025-08-20 18:27:11,Vidéo,Neutral,0.66
2025-08-20 18:27:12,Vidéo,Neutral,0.74
2025-08-20 18:27:12,Vidéo,Neutral,0.45
2025-08-20 18:27:13,Vidéo,Neutral,0.50
2025-08-20 18:27:13,Vidéo,Neutral,0.61
2025-08-20 18:27:14,Vidéo,Neutral,0.52
2025-08-20 18:27:14,Vidéo,Neutral,0.55
2025-08-20 18:27:14,Vidéo,Neutral,0.78
2025-08-20 18:27:15,Vidéo,Neutral,0.63
2025-08-20 18:27:15,Vidéo,Neutral,0.58
2025-08-20 18:27:16,Vidéo,Neutral,0.60
2025-08-20 18:27:16,Vidéo,Neutral,0.59
2025-08-20 18:27:17,Vidéo,Neutral,0.68
2025-08-20 18:27:18,Vidéo,Neutral,0.70
2025-08-20 18:27:18,Vidéo,Neutral,0.65
2025-08-20 18:27:18,Vidéo,Neutral,0.68
2025-08-20 18:27:19,Vidéo,Neutral,0.56
2025-08-20 18:27:19,Vidéo,Neutral,0.59
2025-08-20 18:27:20,Vidéo,Neutral,0.57
2025-08-20 18:27:21,Vidéo,Neutral,0.68
2025-08-20 18:27:21,Vidéo,Neutral,0.59
2025-08-20 18:27:22,Vidéo,Neutral,0.57
2025-08-20 18:27:22,Vidéo,Neutral,0.63
2025-08-20 18:27:23,Vidéo,Neutral,0.66
2025-08-20 18:27:23,Vidéo,Neutral,0.71
2025-08-20 18:27:24,Vidéo,Neutral,0.54
2025-08-20 18:27:24,Vidéo,Neutral,0.59
2025-08-20 18:27:25,Vidéo,Neutral,0.70
2025-08-20 18:27:25,Vidéo,Neutral,0.67
2025-08-20 18:27:26,Vidéo,Neutral,0.60
2025-08-20 18:27:26,Vidéo,Neutral,0.62
2025-08-20 18:27:26,Vidéo,Neutral,0.70
2025-08-20 18:27:27,Vidéo,Neutral,0.57
2025-08-20 18:27:27,Vidéo,Neutral,0.58
2025-08-20 18:27:28,Vidéo,Neutral,0.72
2025-08-20 18:27:28,Vidéo,Neutral,0.64
2025-08-20 18:27:28,Vidéo,Neutral,0.68
2025-08-20 18:27:29,Vidéo,Neutral,0.62
2025-08-20 18:27:29,Vidéo,Neutral,0.46
2025-08-20 18:27:30,Vidéo,Neutral,0.51
2025-08-20 18:27:30,Vidéo,Neutral,0.73
2025-08-20 18:27:31,Vidéo,Neutral,0.63
2025-08-20 18:27:31,Vidéo,Neutral,0.50
2025-08-20 18:27:32,Vidéo,Neutral,0.49
2025-08-20 18:27:32,Vidéo,Neutral,0.69
2025-08-20 18:27:32,Vidéo,Neutral,0.32
2025-08-20 18:27:33,Vidéo,Neutral,0.54
2025-08-20 18:27:33,Vidéo,Neutral,0.51
2025-08-20 18:27:34,Vidéo,Surprise,0.34
2025-08-20 18:27:34,Vidéo,Neutral,0.48
2025-08-20 18:27:34,Vidéo,Neutral,0.55
2025-08-20 18:27:35,Vidéo,Neutral,0.46
2025-08-20 18:27:35,Vidéo,Neutral,0.47
2025-08-20 18:27:36,Vidéo,Neutral,0.43
2025-08-20 18:27:36,Vidéo,Neutral,0.60
2025-08-20 18:27:36,Vidéo,Neutral,0.57
2025-08-20 18:27:37,Vidéo,Neutral,0.83
2025-08-20 18:27:37,Vidéo,Neutral,0.68
2025-08-20 18:27:38,Vidéo,Neutral,0.77
2025-08-20 18:27:38,Vidéo,Neutral,0.55
2025-08-20 18:27:39,Vidéo,Neutral,0.55
2025-08-20 18:27:39,Vidéo,Neutral,0.57
2025-08-20 18:27:40,Vidéo,Neutral,0.63
2025-08-20 18:27:40,Vidéo,Neutral,0.59
2025-08-20 18:27:40,Vidéo,Neutral,0.42
2025-08-20 18:27:41,Vidéo,Neutral,0.51
2025-08-20 18:27:41,Vidéo,Neutral,0.51
2025-08-20 18:27:42,Vidéo,Neutral,0.35
2025-08-20 18:27:42,Vidéo,Neutral,0.39
2025-08-20 18:27:43,Vidéo,Neutral,0.40
2025-08-20 18:27:43,Vidéo,Neutral,0.46
2025-08-20 18:27:43,Vidéo,Neutral,0.38
2025-08-20 18:27:44,Vidéo,Neutral,0.45
2025-08-20 18:27:44,Vidéo,Neutral,0.51
2025-08-20 18:27:45,Vidéo,Neutral,0.51
2025-08-20 18:27:45,Vidéo,Neutral,0.44
2025-08-20 18:27:45,Vidéo,Neutral,0.67
2025-08-20 18:27:46,Vidéo,Neutral,0.70
2025-08-20 18:27:46,Vidéo,Neutral,0.40
2025-08-20 18:27:47,Vidéo,Neutral,0.83
2025-08-20 18:27:47,Vidéo,Neutral,0.69
2025-08-20 18:27:48,Vidéo,Neutral,0.62
2025-08-20 18:27:48,Vidéo,Neutral,0.51
2025-08-20 18:27:49,Vidéo,Neutral,0.68
2025-08-20 18:27:49,Vidéo,Neutral,0.48
2025-08-20 18:27:49,Vidéo,Neutral,0.60
2025-08-20 18:27:50,Vidéo,Neutral,0.51
2025-08-20 18:27:50,Vidéo,Neutral,0.42
2025-08-20 18:27:51,Vidéo,Neutral,0.61
2025-08-20 18:27:51,Vidéo,Neutral,0.56
2025-08-20 18:27:52,Vidéo,Neutral,0.54
2025-08-20 18:27:52,Vidéo,Neutral,0.65
2025-08-20 18:27:53,Vidéo,Neutral,0.61
2025-08-20 18:27:53,Vidéo,Sad,0.44
2025-08-20 18:27:53,Vidéo,Neutral,0.71
2025-08-20 18:27:54,Vidéo,Neutral,0.68
2025-08-20 18:27:54,Vidéo,Neutral,0.51
2025-08-20 18:27:55,Vidéo,Neutral,0.65
2025-08-20 18:27:55,Vidéo,Neutral,0.44
2025-08-20 18:27:55,Vidéo,Neutral,0.41
2025-08-20 18:27:56,Vidéo,Neutral,0.52
2025-08-20 18:27:56,Vidéo,Neutral,0.46
2025-08-20 18:27:57,Vidéo,Sad,0.37
2025-08-20 18:27:57,Vidéo,Sad,0.42
2025-08-20 18:27:58,Vidéo,Neutral,0.39
2025-08-20 18:27:58,Vidéo,Sad,0.42
2025-08-20 18:27:58,Vidéo,Sad,0.49
2025-08-20 18:27:59,Vidéo,Sad,0.41
2025-08-20 18:27:59,Vidéo,Sad,0.46
2025-08-20 18:28:00,Vidéo,Sad,0.48
2025-08-20 18:28:00,Vidéo,Sad,0.49
2025-08-20 18:28:00,Vidéo,Sad,0.59
2025-08-20 18:28:01,Vidéo,Sad,0.54
2025-08-20 18:28:01,Vidéo,Sad,0.56
2025-08-20 18:28:02,Vidéo,Sad,0.54
2025-08-20 18:28:02,Vidéo,Sad,0.42
2025-08-20 18:28:02,Vidéo,Neutral,0.53
2025-08-20 18:28:03,Vidéo,Neutral,0.45
2025-08-20 18:28:03,Vidéo,Neutral,0.54
2025-08-20 18:28:04,Vidéo,Neutral,0.70
2025-08-20 18:28:04,Vidéo,Neutral,0.71
2025-08-20 18:28:05,Vidéo,Neutral,0.55
2025-08-20 18:28:05,Vidéo,Neutral,0.62
2025-08-20 18:28:06,Vidéo,Neutral,0.52
2025-08-20 18:28:06,Vidéo,Neutral,0.56
2025-08-20 18:28:06,Vidéo,Neutral,0.63
2025-08-20 18:28:07,Vidéo,Neutral,0.46
2025-08-20 18:28:07,Vidéo,Neutral,0.59
2025-08-20 18:28:08,Vidéo,Neutral,0.55
2025-08-20 18:28:08,Vidéo,Neutral,0.57
2025-08-20 18:28:08,Vidéo,Neutral,0.55
2025-08-20 18:28:09,Vidéo,Neutral,0.62
2025-08-20 18:28:09,Vidéo,Neutral,0.66
2025-08-20 18:28:10,Vidéo,Neutral,0.57
2025-08-20 18:28:10,Vidéo,Neutral,0.66
2025-08-20 18:28:11,Vidéo,Neutral,0.41
2025-08-20 18:28:11,Vidéo,Neutral,0.37
2025-08-20 18:28:12,Vidéo,Sad,0.43
2025-08-20 18:28:12,Vidéo,Neutral,0.40
2025-08-20 18:28:12,Vidéo,Sad,0.46
2025-08-20 18:28:13,Vidéo,Sad,0.34
2025-08-20 18:28:13,Vidéo,Neutral,0.40
2025-08-20 18:28:14,Vidéo,Sad,0.38
2025-08-20 18:28:14,Vidéo,Neutral,0.45
2025-08-20 18:28:14,Vidéo,Neutral,0.52
2025-08-20 18:28:15,Vidéo,Neutral,0.44
2025-08-20 18:28:15,Vidéo,Neutral,0.56
2025-08-20 18:28:15,Vidéo,Neutral,0.39
2025-08-20 18:28:16,Vidéo,Neutral,0.67
2025-08-20 18:28:16,Vidéo,Neutral,0.68
2025-08-20 18:28:17,Vidéo,Neutral,0.48
2025-08-20 18:28:17,Vidéo,Neutral,0.43
2025-08-20 18:28:17,Vidéo,Sad,0.38
2025-08-20 18:28:18,Vidéo,Neutral,0.56
2025-08-20 18:28:18,Vidéo,Neutral,0.50
2025-08-20 18:28:19,Vidéo,Neutral,0.41
2025-08-20 18:28:19,Vidéo,Neutral,0.58
2025-08-20 18:28:19,Vidéo,Neutral,0.48
2025-08-20 18:28:20,Vidéo,Neutral,0.48
2025-08-20 18:28:20,Vidéo,Neutral,0.55
2025-08-20 18:28:21,Vidéo,Neutral,0.54
2025-08-20 18:28:21,Vidéo,Neutral,0.61
2025-08-20 18:28:21,Vidéo,Neutral,0.53
2025-08-20 18:28:22,Vidéo,Neutral,0.56
2025-08-20 18:28:22,Vidéo,Neutral,0.69
2025-08-20 18:28:23,Vidéo,Neutral,0.45
2025-08-20 18:28:23,Vidéo,Neutral,0.47
2025-08-20 18:28:23,Vidéo,Neutral,0.52
2025-08-20 18:28:24,Vidéo,Neutral,0.51
2025-08-20 18:28:24,Vidéo,Neutral,0.43
2025-08-20 18:28:25,Vidéo,Neutral,0.44
2025-08-20 18:28:25,Vidéo,Neutral,0.60
2025-08-20 18:28:25,Vidéo,Neutral,0.47
2025-08-20 18:28:26,Vidéo,Sad,0.32
2025-08-20 18:28:26,Vidéo,Sad,0.39
2025-08-20 18:28:26,Vidéo,Sad,0.46
2025-08-20 18:28:27,Vidéo,Neutral,0.50
2025-08-20 18:28:27,Vidéo,Neutral,0.52
2025-08-20 18:28:28,Vidéo,Neutral,0.48
2025-08-20 18:28:28,Vidéo,Neutral,0.44
2025-08-20 18:28:29,Vidéo,Neutral,0.62
2025-08-20 18:28:29,Vidéo,Neutral,0.50
2025-08-20 18:28:29,Vidéo,Neutral,0.56
2025-08-20 18:28:30,Vidéo,Neutral,0.50
2025-08-20 18:28:30,Vidéo,Sad,0.41
2025-08-20 18:28:30,Vidéo,Neutral,0.48
2025-08-20 18:28:31,Vidéo,Neutral,0.51
2025-08-20 18:28:31,Vidéo,Neutral,0.54
2025-08-20 18:28:32,Vidéo,Neutral,0.40
2025-08-20 18:28:32,Vidéo,Neutral,0.35
2025-08-20 18:28:32,Vidéo,Neutral,0.40
2025-08-20 18:28:33,Vidéo,Neutral,0.38
2025-08-20 18:28:33,Vidéo,Neutral,0.40
2025-08-20 18:28:34,Vidéo,Neutral,0.51
2025-08-20 18:28:34,Vidéo,Neutral,0.36
2025-08-20 18:28:34,Vidéo,Neutral,0.40
2025-08-20 18:28:35,Vidéo,Neutral,0.51
2025-08-20 18:28:35,Vidéo,Neutral,0.45
2025-08-20 18:28:36,Vidéo,Neutral,0.41
2025-08-20 18:28:36,Vidéo,Neutral,0.33
2025-08-20 18:28:36,Vidéo,Neutral,0.30
2025-08-20 18:28:37,Vidéo,Neutral,0.51
2025-08-20 18:28:37,Vidéo,Neutral,0.47
2025-08-20 18:28:38,Vidéo,Neutral,0.45
2025-08-20 18:28:38,Vidéo,Neutral,0.30
2025-08-20 18:28:38,Vidéo,Neutral,0.45
2025-08-20 18:28:39,Vidéo,Neutral,0.53
2025-08-20 18:28:39,Vidéo,Neutral,0.73
2025-08-20 18:28:40,Vidéo,Neutral,0.72
2025-08-20 18:28:40,Vidéo,Neutral,0.80
2025-08-20 18:28:40,Vidéo,Neutral,0.85
2025-08-20 18:28:41,Vidéo,Neutral,0.59
2025-08-20 18:28:41,Vidéo,Neutral,0.75
2025-08-20 18:28:42,Vidéo,Neutral,0.62
2025-08-20 18:28:42,Vidéo,Neutral,0.78
2025-08-20 18:28:42,Vidéo,Neutral,0.71
2025-08-20 18:28:43,Vidéo,Neutral,0.64
2025-08-20 18:28:43,Vidéo,Neutral,0.60
2025-08-20 18:28:44,Vidéo,Neutral,0.76
2025-08-20 18:28:44,Vidéo,Neutral,0.67
2025-08-20 18:28:44,Vidéo,Neutral,0.66
2025-08-20 18:28:45,Vidéo,Neutral,0.51
2025-08-20 18:28:45,Vidéo,Neutral,0.64
2025-08-20 18:28:46,Vidéo,Neutral,0.56
2025-08-20 18:28:46,Vidéo,Neutral,0.48
2025-08-20 18:28:46,Vidéo,Neutral,0.48
2025-08-20 18:28:47,Vidéo,Neutral,0.37
2025-08-20 18:28:47,Vidéo,Neutral,0.43
2025-08-20 18:28:48,Vidéo,Neutral,0.57
2025-08-20 18:28:48,Vidéo,Neutral,0.57
2025-08-20 18:28:48,Vidéo,Neutral,0.46
2025-08-20 18:28:49,Vidéo,Neutral,0.67
2025-08-20 18:28:49,Vidéo,Neutral,0.64
2025-08-20 18:28:50,Vidéo,Neutral,0.67
2025-08-20 18:28:50,Vidéo,Neutral,0.58
2025-08-20 18:28:51,Vidéo,Neutral,0.66
2025-08-20 18:28:51,Vidéo,Neutral,0.71
2025-08-20 18:28:51,Vidéo,Neutral,0.56
2025-08-20 18:28:52,Vidéo,Neutral,0.69
2025-08-20 18:28:52,Vidéo,Neutral,0.76
2025-08-20 18:28:53,Vidéo,Neutral,0.67
2025-08-20 18:28:53,Vidéo,Neutral,0.62
2025-08-20 18:28:53,Vidéo,Neutral,0.57
2025-08-20 18:28:54,Vidéo,Neutral,0.38
2025-08-20 18:28:54,Vidéo,Neutral,0.64
2025-08-20 18:28:55,Vidéo,Neutral,0.66
2025-08-20 18:28:55,Vidéo,Neutral,0.50
2025-08-20 18:28:55,Vidéo,Neutral,0.63
2025-08-20 18:28:56,Vidéo,Happy,0.68
2025-08-20 18:28:56,Vidéo,Neutral,0.49
2025-08-20 18:28:56,Vidéo,Sad,0.42
2025-08-20 18:28:57,Vidéo,Sad,0.37
2025-08-20 18:28:57,Vidéo,Sad,0.46
2025-08-20 18:28:57,Vidéo,Neutral,0.45
2025-08-20 18:28:58,Vidéo,Sad,0.33
2025-08-20 18:28:58,Vidéo,Neutral,0.41
2025-08-20 18:28:59,Vidéo,Neutral,0.37
2025-08-20 18:28:59,Vidéo,Neutral,0.37
2025-08-20 18:28:59,Vidéo,Neutral,0.47
2025-08-20 18:29:00,Vidéo,Neutral,0.41
2025-08-20 18:29:00,Vidéo,Sad,0.47
2025-08-20 18:29:01,Vidéo,Neutral,0.43
2025-08-20 18:29:01,Vidéo,Neutral,0.41
2025-08-20 18:29:01,Vidéo,Sad,0.37
2025-08-20 18:29:02,Vidéo,Neutral,0.42
2025-08-20 18:29:02,Vidéo,Neutral,0.46
2025-08-20 18:29:03,Vidéo,Neutral,0.57
2025-08-20 18:29:03,Vidéo,Neutral,0.45
2025-08-20 18:29:03,Vidéo,Sad,0.39
2025-08-20 18:29:04,Vidéo,Sad,0.38
2025-08-20 18:29:04,Vidéo,Neutral,0.39
2025-08-20 18:29:05,Vidéo,Neutral,0.51
2025-08-20 18:29:05,Vidéo,Sad,0.33
2025-08-20 18:29:06,Vidéo,Neutral,0.51
2025-08-20 18:29:06,Vidéo,Sad,0.47
2025-08-20 18:29:06,Vidéo,Neutral,0.42
2025-08-20 18:29:07,Vidéo,Neutral,0.38
2025-08-20 18:29:07,Vidéo,Neutral,0.44
2025-08-20 18:29:08,Vidéo,Neutral,0.47
2025-08-20 18:29:08,Vidéo,Neutral,0.76
2025-08-20 18:29:08,Vidéo,Neutral,0.50
2025-08-20 18:29:09,Vidéo,Neutral,0.66
2025-08-20 18:29:09,Vidéo,Neutral,0.48
2025-08-20 18:29:10,Vidéo,Neutral,0.42
2025-08-20 18:29:10,Vidéo,Neutral,0.47
2025-08-20 18:29:10,Vidéo,Neutral,0.56
2025-08-20 18:29:11,Vidéo,Neutral,0.66
2025-08-20 18:29:11,Vidéo,Neutral,0.55
2025-08-20 18:29:12,Vidéo,Neutral,0.51
2025-08-20 18:29:12,Vidéo,Neutral,0.58
2025-08-20 18:29:12,Vidéo,Neutral,0.50
2025-08-20 18:29:13,Vidéo,Neutral,0.74
2025-08-20 18:29:13,Vidéo,Neutral,0.66
2025-08-20 18:29:14,Vidéo,Neutral,0.59
2025-08-20 18:29:14,Vidéo,Neutral,0.74
2025-08-20 18:29:14,Vidéo,Neutral,0.58
2025-08-20 18:29:15,Vidéo,Neutral,0.66
2025-08-20 18:29:15,Vidéo,Neutral,0.69
2025-08-20 18:29:16,Vidéo,Neutral,0.70
2025-08-20 18:29:16,Vidéo,Neutral,0.68
2025-08-20 18:29:16,Vidéo,Neutral,0.72
2025-08-20 18:29:17,Vidéo,Neutral,0.65
2025-08-20 18:29:17,Vidéo,Neutral,0.83
2025-08-20 18:29:18,Vidéo,Neutral,0.74
2025-08-20 18:29:18,Vidéo,Neutral,0.69
2025-08-20 18:29:18,Vidéo,Neutral,0.71
2025-08-20 18:29:19,Vidéo,Neutral,0.75
2025-08-20 18:29:19,Vidéo,Neutral,0.79
2025-08-20 18:29:20,Vidéo,Neutral,0.77
2025-08-20 18:29:20,Vidéo,Neutral,0.76
2025-08-20 18:29:20,Vidéo,Neutral,0.68
2025-08-20 18:29:21,Vidéo,Neutral,0.74
2025-08-20 18:29:22,Vidéo,Neutral,0.64
2025-08-20 18:29:22,Vidéo,Neutral,0.59
2025-08-20 18:29:22,Vidéo,Neutral,0.56
2025-08-20 18:29:23,Vidéo,Neutral,0.70
2025-08-20 18:29:23,Vidéo,Neutral,0.58
2025-08-20 18:29:24,Vidéo,Neutral,0.65
2025-08-20 18:29:24,Vidéo,Neutral,0.68
2025-08-20 18:29:24,Vidéo,Neutral,0.71
2025-08-20 18:29:25,Vidéo,Neutral,0.66
2025-08-20 18:29:25,Vidéo,Neutral,0.61
2025-08-20 18:29:26,Vidéo,Neutral,0.60
2025-08-20 18:29:26,Vidéo,Happy,0.51
2025-08-20 18:29:26,Vidéo,Neutral,0.67
2025-08-20 18:29:27,Vidéo,Neutral,0.52
2025-08-20 18:29:27,Vidéo,Neutral,0.52
2025-08-20 18:29:28,Vidéo,Neutral,0.85
2025-08-20 18:29:28,Vidéo,Neutral,0.86
2025-08-20 18:29:29,Vidéo,Neutral,0.69
2025-08-20 18:29:30,Vidéo,Neutral,0.80
2025-08-20 18:29:30,Vidéo,Neutral,0.87
2025-08-20 18:29:31,Vidéo,Neutral,0.66
2025-08-20 18:29:32,Vidéo,Happy,0.90
2025-08-20 18:29:33,Vidéo,Happy,0.93
2025-08-20 18:29:33,Vidéo,Happy,0.91
2025-08-20 18:29:33,Vidéo,Happy,0.86
2025-08-20 18:29:34,Vidéo,Happy,0.91
2025-08-20 18:29:34,Vidéo,Happy,0.91
2025-08-20 18:29:35,Vidéo,Happy,0.92
2025-08-20 18:29:35,Vidéo,Happy,0.64
2025-08-20 18:29:35,Vidéo,Happy,0.65
2025-08-20 18:29:36,Vidéo,Happy,0.64
2025-08-20 18:29:36,Vidéo,Happy,0.45
2025-08-20 18:29:36,Vidéo,Neutral,0.42
2025-08-20 18:29:37,Vidéo,Sad,0.49
2025-08-20 18:29:37,Vidéo,Neutral,0.48
2025-08-20 18:29:37,Vidéo,Neutral,0.53
2025-08-20 18:29:38,Vidéo,Neutral,0.54
2025-08-20 18:29:38,Vidéo,Neutral,0.56
2025-08-20 18:29:39,Vidéo,Neutral,0.51
2025-08-20 18:29:39,Vidéo,Neutral,0.56
2025-08-20 18:29:39,Vidéo,Happy,0.51
2025-08-20 18:29:40,Vidéo,Happy,0.84
2025-08-20 18:29:40,Vidéo,Happy,0.58
2025-08-20 18:29:40,Vidéo,Happy,0.57
2025-08-20 18:29:41,Vidéo,Neutral,0.68
2025-08-20 18:29:41,Vidéo,Neutral,0.81
2025-08-20 18:29:42,Vidéo,Neutral,0.81
2025-08-20 18:29:42,Vidéo,Neutral,0.76
2025-08-20 18:29:42,Vidéo,Neutral,0.85
2025-08-20 18:29:43,Vidéo,Neutral,0.76
2025-08-20 18:29:43,Vidéo,Neutral,0.74
2025-08-20 18:29:44,Vidéo,Neutral,0.73
2025-08-20 18:29:44,Vidéo,Neutral,0.71
2025-08-20 18:29:44,Vidéo,Neutral,0.72
2025-08-20 18:29:45,Vidéo,Neutral,0.65
2025-08-20 18:29:45,Vidéo,Neutral,0.72
2025-08-20 18:29:46,Vidéo,Neutral,0.74
2025-08-20 18:29:46,Vidéo,Neutral,0.72
2025-08-20 18:29:46,Vidéo,Surprise,0.35
2025-08-20 18:29:47,Vidéo,Neutral,0.60
2025-08-20 18:29:47,Vidéo,Neutral,0.54
2025-08-20 18:29:47,Vidéo,Neutral,0.58
2025-08-20 18:29:48,Vidéo,Neutral,0.74
2025-08-20 18:29:48,Vidéo,Neutral,0.68
2025-08-20 18:29:49,Vidéo,Neutral,0.64
2025-08-20 18:29:49,Vidéo,Neutral,0.70
2025-08-20 18:29:49,Vidéo,Neutral,0.63
2025-08-20 18:29:50,Vidéo,Neutral,0.63
2025-08-20 18:29:50,Vidéo,Neutral,0.58
2025-08-20 18:29:50,Vidéo,Neutral,0.71
2025-08-20 18:29:51,Vidéo,Neutral,0.70
2025-08-20 18:29:51,Vidéo,Neutral,0.66
2025-08-20 18:29:52,Vidéo,Neutral,0.77
2025-08-20 18:29:52,Vidéo,Neutral,0.76
2025-08-20 18:29:52,Vidéo,Neutral,0.62
2025-08-20 18:29:53,Vidéo,Neutral,0.69
2025-08-20 18:29:53,Vidéo,Neutral,0.73
2025-08-20 18:29:54,Vidéo,Neutral,0.75
2025-08-20 18:29:54,Vidéo,Neutral,0.65
2025-08-20 18:29:54,Vidéo,Neutral,0.72
2025-08-20 18:29:55,Vidéo,Neutral,0.73
2025-08-20 18:29:55,Vidéo,Neutral,0.73
2025-08-20 18:29:56,Vidéo,Neutral,0.76
2025-08-20 18:29:56,Vidéo,Neutral,0.84
2025-08-20 18:29:56,Vidéo,Neutral,0.67
2025-08-20 18:29:57,Vidéo,Neutral,0.72
2025-08-20 18:29:57,Vidéo,Neutral,0.64
2025-08-20 18:29:58,Vidéo,Neutral,0.70
2025-08-20 18:29:58,Vidéo,Neutral,0.81
2025-08-20 18:29:58,Vidéo,Neutral,0.69
2025-08-20 18:29:59,Vidéo,Happy,0.57
2025-08-20 18:29:59,Vidéo,Neutral,0.64
2025-08-20 18:30:00,Vidéo,Neutral,0.64
2025-08-20 18:30:00,Vidéo,Neutral,0.64
2025-08-20 18:30:00,Vidéo,Neutral,0.59
2025-08-20 18:30:01,Vidéo,Neutral,0.49
2025-08-20 18:30:01,Vidéo,Neutral,0.45
2025-08-20 18:30:02,Vidéo,Neutral,0.67
2025-08-20 18:30:02,Vidéo,Neutral,0.45
2025-08-20 18:30:02,Vidéo,Neutral,0.37
2025-08-20 18:30:03,Vidéo,Neutral,0.35
2025-08-20 18:30:03,Vidéo,Neutral,0.36
2025-08-20 18:30:04,Vidéo,Neutral,0.41
2025-08-20 18:30:04,Vidéo,Neutral,0.40
2025-08-20 18:30:05,Vidéo,Neutral,0.36
2025-08-20 18:30:05,Vidéo,Sad,0.37
2025-08-20 18:30:05,Vidéo,Sad,0.31
2025-08-20 18:30:06,Vidéo,Neutral,0.35
2025-08-20 18:30:06,Vidéo,Neutral,0.35
2025-08-20 18:30:07,Vidéo,Happy,0.33
2025-08-20 18:30:07,Vidéo,Neutral,0.41
2025-08-20 18:30:08,Vidéo,Neutral,0.46
2025-08-20 18:30:08,Vidéo,Happy,0.40
2025-08-20 18:30:09,Vidéo,Neutral,0.29
2025-08-20 18:30:09,Vidéo,Neutral,0.23
2025-08-20 18:30:09,Vidéo,Neutral,0.36
2025-08-20 18:30:10,Vidéo,Sad,0.37
2025-08-20 18:30:10,Vidéo,Sad,0.31
2025-08-20 18:30:11,Vidéo,Sad,0.34
2025-08-20 18:30:11,Vidéo,Sad,0.54
2025-08-20 18:30:11,Vidéo,Sad,0.59
2025-08-20 18:30:12,Vidéo,Sad,0.56
2025-08-20 18:30:12,Vidéo,Sad,0.42
2025-08-20 18:30:13,Vidéo,Neutral,0.40
2025-08-20 18:30:13,Vidéo,Neutral,0.41
2025-08-20 18:30:14,Vidéo,Neutral,0.36
2025-08-20 18:30:14,Vidéo,Neutral,0.40
2025-08-20 18:30:14,Vidéo,Sad,0.36
2025-08-20 18:30:15,Vidéo,Neutral,0.39
2025-08-20 18:39:47,Vidéo,Neutral,0.40
2025-08-20 18:39:47,Vidéo,Neutral,0.43
2025-08-20 18:39:47,Vidéo,Surprise,0.34
2025-08-20 18:39:48,Vidéo,Neutral,0.47
2025-08-20 18:39:48,Vidéo,Neutral,0.37
2025-08-20 18:39:48,Vidéo,Neutral,0.48
2025-08-20 18:39:49,Vidéo,Sad,0.44
2025-08-20 18:39:49,Vidéo,Sad,0.43
2025-08-20 18:39:50,Vidéo,Neutral,0.35
2025-08-20 18:39:50,Vidéo,Surprise,0.34
2025-08-20 18:39:50,Vidéo,Happy,0.37
2025-08-20 18:39:50,Vidéo,Neutral,0.42
2025-08-20 18:39:50,Vidéo,Neutral,0.39
2025-08-20 18:39:51,Vidéo,Neutral,0.35
2025-08-20 18:39:51,Vidéo,Neutral,0.47
2025-08-20 18:39:52,Vidéo,Neutral,0.49
2025-08-20 18:39:52,Vidéo,Neutral,0.57
2025-08-20 18:39:52,Vidéo,Sad,0.32
2025-08-20 18:39:53,Vidéo,Neutral,0.35
2025-08-20 18:39:53,Vidéo,Sad,0.50
2025-08-20 18:39:54,Vidéo,Neutral,0.40
2025-08-20 18:39:54,Vidéo,Neutral,0.39
2025-08-20 18:39:54,Vidéo,Sad,0.39
2025-08-20 18:39:54,Vidéo,Surprise,0.34
2025-08-20 18:39:55,Vidéo,Sad,0.44
2025-08-20 18:39:55,Vidéo,Sad,0.44
2025-08-20 18:39:56,Vidéo,Neutral,0.33
